entity_id,metadata,name,program_id,row_num,sheet
1,"{'类别': '生活区域', '地点': '城市', '时代': '1'}",普通房屋,,4,建筑
2,"{'类别': '生活区域', '地点': '城市', '时代': '100'}",工人之家,,8,建筑
3,"{'类别': '生活区域', '地点': '城市', '时代': '100', '建筑上限': '1'}",纪念碑,,16,建筑
4,"{'类别': '生活区域', '地点': '城市', '时代': '100'}",亡者大厅,,19,建筑
5,"{'类别': '生活区域', '地点': '城市', '时代': '1'}",市政厅,,24,建筑
6,"{'类别': '生活区域', '地点': '城市', '时代': '13'}",娱乐区域,,31,建筑
7,"{'类别': '生活区域', '地点': '城市', '时代': '2'}",宅邸,,35,建筑
8,"{'类别': '生活区域', '地点': '城市', '时代': '3'}",住宅区,,41,建筑
9,"{'类别': '生活区域', '地点': '城市', '时代': '100'}",内政部,,46,建筑
10,"{'类别': '生活区域', '地点': '城市', '时代': '4'}",伊甸园,,56,建筑
11,"{'类别': '生活区域', '地点': '城市', '时代': '5'}",发展部,,63,建筑
12,"{'类别': '生产与制造', '地点': '城市', '时代': '1'}",农场,,69,建筑
13,"{'类别': '生产与制造', '地点': '城市', '时代': '100'}",粮仓,,72,建筑
14,"{'类别': '生产与制造', '地点': '城市', '时代': '1'}",伐木工营地,,76,建筑
15,"{'类别': '生产与制造', '地点': '城市', '时代': '100'}",锯木厂,,80,建筑
16,"{'类别': '生产与制造', '地点': '城市', '时代': '13'}",幸运树林,,84,建筑
17,"{'类别': '生产与制造', '地点': '城市', '时代': '1'}",采石场,,88,建筑
18,"{'类别': '生产与制造', '地点': '城市', '时代': '100'}",石匠坊,,92,建筑
19,"{'类别': '生产与制造', '地点': '城市', '时代': '1'}",矿井,,96,建筑
20,"{'类别': '生产与制造', '地点': '城市', '时代': '100'}",巨型工作区,,101,建筑
21,"{'类别': '生产与制造', '地点': '城市', '时代': '1'}",马厩,,111,建筑
22,"{'类别': '生产与制造', '地点': '城市', '时代': '1'}",圣谷,,115,建筑
23,"{'类别': '生产与制造', '地点': '城市', '时代': '100'}",亡者兽群,,121,建筑
24,"{'类别': '生产与制造', '地点': '城市', '时代': '2'}",封地,,126,建筑
25,"{'类别': '生产与制造', '地点': '城市', '时代': '2'}",铸造厂,,133,建筑
26,"{'类别': '生产与制造', '地点': '城市', '时代': '100'}",诸神的机器,,140,建筑
27,"{'类别': '生产与制造', '地点': '城市', '时代': '2'}",木匠工坊,,148,建筑
28,"{'类别': '生产与制造', '地点': '城市', '时代': '2'}",食品杂货店,,154,建筑
29,"{'类别': '生产与制造', '地点': '城市', '时代': '2'}",钢铁厂,,158,建筑
30,"{'类别': '生产与制造', '地点': '城市', '时代': '100'}",工匠公会,,162,建筑
31,"{'类别': '生产与制造', '地点': '城市', '时代': '3'}",炼金实验室,,167,建筑
32,"{'类别': '生产与制造', '地点': '城市', '时代': '3'}",建筑工区域,,172,建筑
33,"{'类别': '生产与制造', '地点': '城市', '时代': '4'}",钠红石精炼厂,,178,建筑
34,"{'类别': '生产与制造', '地点': '城市', '时代': '4'}",工业厂房,,183,建筑
35,"{'类别': '生产与制造', '地点': '城市', '时代': '5'}",工厂,,188,建筑
36,"{'类别': '知识区域', '地点': '城市', '时代': '1'}",学校,,194,建筑
37,"{'类别': '知识区域', '地点': '城市', '时代': '13'}",灵感大厅,,199,建筑
38,"{'类别': '知识区域', '地点': '城市', '时代': '100'}",智慧大厅,,203,建筑
39,"{'类别': '知识区域', '地点': '城市', '时代': '100'}",登攀者世界图书馆,,209,建筑
40,"{'类别': '知识区域', '地点': '城市', '时代': '1'}",法师学院,,217,建筑
41,"{'类别': '知识区域', '地点': '城市', '时代': '2'}",大学,,221,建筑
42,"{'类别': '知识区域', '地点': '城市', '时代': '2'}",考古挖掘场,,227,建筑
43,"{'类别': '知识区域', '地点': '城市', '时代': '2', '建筑上限': '1'}",阿塔玛雕像,,231,建筑
44,"{'类别': '知识区域', '地点': '城市', '时代': '2', '建筑上限': '1'}",菲里奥雕像,,235,建筑
45,"{'类别': '知识区域', '地点': '城市', '时代': '2', '建筑上限': '1'}",卢雷齐亚雕像,,239,建筑
46,"{'类别': '知识区域', '地点': '城市', '时代': '100', '建筑上限': '1'}",灵魂图书馆,,243,建筑
47,"{'类别': '知识区域', '地点': '城市', '时代': '100', '建筑上限': '8'}",书籍,,248,建筑
48,"{'类别': '知识区域', '地点': '城市', '时代': '100', '建筑上限': '8'}",灵魂,,251,建筑
49,"{'类别': '知识区域', '地点': '城市', '时代': '3'}",天文台,,254,建筑
50,"{'类别': '知识区域', '地点': '城市', '时代': '3'}",魔法高中,,259,建筑
51,"{'类别': '知识区域', '地点': '城市', '时代': '4'}",研究工厂,,265,建筑
52,"{'类别': '知识区域', '地点': '城市', '时代': '4', '建筑上限': '5'}",岛屿前哨,,270,建筑
53,"{'类别': '军事与防御', '地点': '城市', '时代': '1', '建筑上限': '1'}",栅栏,,275,建筑
54,"{'类别': '军事与防御', '地点': '城市', '时代': '1', '建筑上限': '10'}",栅栏组件,,278,建筑
55,"{'类别': '军事与防御', '地点': '城市', '时代': '1', '建筑上限': '1'}",城墙,,281,建筑
56,"{'类别': '军事与防御', '地点': '城市', '时代': '1', '建筑上限': '15'}",城墙组件,,284,建筑
57,"{'类别': '军事与防御', '地点': '城市', '时代': '100', '建筑上限': '1'}",壁垒,,288,建筑
58,"{'类别': '军事与防御', '地点': '城市', '时代': '100', '建筑上限': '12'}",壁垒组件,,291,建筑
59,"{'类别': '军事与防御', '地点': '城市', '时代': '100', '建筑上限': '1'}",磐石巨墙,,296,建筑
60,"{'类别': '军事与防御', '地点': '城市', '时代': '100', '建筑上限': '12'}",磐石巨墙组件,,301,建筑
61,"{'类别': '军事与防御', '地点': '城市', '时代': '1'}",兵营,,306,建筑
62,"{'类别': '军事与防御', '地点': '城市', '时代': '13'}",地下隧道,,312,建筑
63,"{'类别': '军事与防御', '地点': '城市', '时代': '100', '建筑上限': '8'}",新兵训练营,,316,建筑
64,"{'类别': '军事与防御', '地点': '城市', '时代': '100'}",城堡民兵,,321,建筑
65,"{'类别': '军事与防御', '地点': '城市', '时代': '2', '建筑上限': '5'}",新兵训练中心,,327,建筑
66,"{'类别': '军事与防御', '地点': '城市', '时代': '100', '建筑上限': '15'}",佣兵前哨,,332,建筑
67,"{'类别': '军事与防御', '地点': '城市', '时代': '2', '建筑上限': '8'}",守望者前哨,,338,建筑
68,"{'类别': '军事与防御', '地点': '城市', '时代': '4', '建筑上限': '4'}",钠红石气球,,343,建筑
69,"{'类别': '军事与防御', '地点': '城市', '时代': '2', '建筑上限': '4'}",弩炮,,347,建筑
70,"{'类别': '军事与防御', '地点': '城市', '时代': '2', '建筑上限': '10'}",攻城机器厂,,350,建筑
71,"{'类别': '军事与防御', '地点': '城市', '时代': '3', '建筑上限': '8'}",魔法塔,,355,建筑
72,"{'类别': '军事与防御', '地点': '城市', '时代': '4', '建筑上限': '8'}",雷区,,358,建筑
73,"{'类别': '军事与防御', '地点': '城市', '时代': '3'}",军事学院,,361,建筑
74,"{'类别': '军事与防御', '地点': '城市', '时代': '100', '建筑上限': '15'}",战争部,,367,建筑
75,"{'类别': '军事与防御', '地点': '城市', '时代': '3', '建筑上限': '10'}",魔法工坊,,373,建筑
76,"{'类别': '军事与防御', '地点': '城市', '时代': '4', '建筑上限': '5'}",军官训练场,,378,建筑
77,"{'类别': '军事与防御', '地点': '城市', '时代': '4', '建筑上限': '10'}",炮兵靶场,,383,建筑
78,"{'类别': '军事与防御', '地点': '城市', '时代': '4', '建筑上限': '4'}",钠红石护盾,,388,建筑
79,"{'类别': '军事与防御', '地点': '城市', '时代': '4', '建筑上限': '10'}",魔法马厩,,391,建筑
80,"{'类别': '军事与防御', '地点': '城市', '时代': '100', '建筑上限': '5'}",窃魂者堡垒,,398,建筑
81,"{'类别': '奇观', '地点': '城市', '时代': '1', '建筑上限': '1'}",市中心,,404,建筑
82,"{'类别': '奇观', '地点': '城市', '时代': '1', '建筑上限': '12'}",市中心组件,,413,建筑
83,"{'类别': '奇观', '地点': '城市', '时代': '2', '建筑上限': '1'}",超大集市,,420,建筑
84,"{'类别': '奇观', '地点': '城市', '时代': '2', '建筑上限': '8'}",超大集市组件,,427,建筑
85,"{'类别': '奇观', '地点': '城市', '时代': '2', '建筑上限': '1'}",大教堂,,431,建筑
86,"{'类别': '奇观', '地点': '城市', '时代': '2', '建筑上限': '8'}",大教堂组件,,440,建筑
87,"{'类别': '奇观', '地点': '城市', '时代': '2', '建筑上限': '1'}",自由思想家学院,,447,建筑
88,"{'类别': '奇观', '地点': '城市', '时代': '2', '建筑上限': '12'}",自由思想家学院组件,,452,建筑
89,"{'类别': '奇观', '地点': '城市', '时代': '3', '建筑上限': '1'}",超级大炮,,458,建筑
90,"{'类别': '奇观', '地点': '城市', '时代': '3', '建筑上限': '6'}",超级大炮组件,,462,建筑
91,"{'类别': '奇观', '地点': '城市', '时代': '3', '建筑上限': '1'}",难民区,,468,建筑
92,"{'类别': '奇观', '地点': '城市', '时代': '3', '建筑上限': '8'}",难民区组件,,474,建筑
93,"{'类别': '奇观', '地点': '城市', '时代': '3', '建筑上限': '1'}",证券交易所,,480,建筑
94,"{'类别': '奇观', '地点': '城市', '时代': '3', '建筑上限': '5'}",证券交易所组件,,484,建筑
95,"{'类别': '奇观', '地点': '城市', '时代': '3', '建筑上限': '1'}",法力之塔,,488,建筑
96,"{'类别': '奇观', '地点': '城市', '时代': '3', '建筑上限': '4'}",法力之塔组件,,490,建筑
97,"{'类别': '奇观', '地点': '城市', '时代': '3', '建筑上限': '1'}",法力深井,,497,建筑
98,"{'类别': '奇观', '地点': '城市', '时代': '3', '建筑上限': '10'}",法力深井组件,,500,建筑
99,"{'类别': '奇观', '地点': '城市', '时代': '3', '建筑上限': '1'}",英雄事迹大厅,,505,建筑
100,"{'类别': '奇观', '地点': '城市', '时代': '3', '建筑上限': '4'}",英雄事迹大厅组件,,509,建筑
101,"{'类别': '奇观', '地点': '城市', '时代': '4', '建筑上限': '1'}",海湾区,,514,建筑
102,"{'类别': '奇观', '地点': '城市', '时代': '4', '建筑上限': '8'}",海湾区组件,,522,建筑
103,"{'类别': '奇观', '地点': '城市', '时代': '4', '建筑上限': '1'}",光之城,,529,建筑
104,"{'类别': '奇观', '地点': '城市', '时代': '4', '建筑上限': '10'}",光之城组件,,533,建筑
105,"{'类别': '奇观', '地点': '城市', '时代': '4', '建筑上限': '1'}",钢铁宫殿,,539,建筑
106,"{'类别': '奇观', '地点': '城市', '时代': '4', '建筑上限': '10'}",钢铁宫殿组件,,542,建筑
107,"{'类别': '奇观', '地点': '城市', '时代': '4', '建筑上限': '1'}",象牙塔,,546,建筑
108,"{'类别': '奇观', '地点': '城市', '时代': '4', '建筑上限': '10'}",象牙塔组件,,551,建筑
109,"{'类别': '奇观', '地点': '城市', '时代': '5', '建筑上限': '1'}",自动化联合体,,555,建筑
110,"{'类别': '奇观', '地点': '城市', '时代': '5', '建筑上限': '12'}",自动化联合体组件,,562,建筑
111,"{'类别': '奇观', '地点': '城市', '时代': '5', '建筑上限': '1'}",科布水晶,,568,建筑
112,"{'类别': '奇观', '地点': '城市', '时代': '5', '建筑上限': '10'}",科布水晶组件,,570,建筑
113,"{'类别': '奇观', '地点': '城市', '时代': '5', '建筑上限': '1'}",凯旋门,,575,建筑
114,"{'类别': '奇观', '地点': '城市', '时代': '5', '建筑上限': '25'}",凯旋门组件,,576,建筑
115,"{'类别': '商业区域', '地点': '城市', '时代': '1'}",工匠作坊,,582,建筑
116,"{'类别': '商业区域', '地点': '城市', '时代': '1'}",市场,,590,建筑
117,"{'类别': '商业区域', '地点': '城市', '时代': '13'}",幸运之井,,596,建筑
118,"{'类别': '商业区域', '地点': '城市', '时代': '100'}",卡纳瓦贸易站,,600,建筑
119,"{'类别': '商业区域', '地点': '城市', '时代': '2', '建筑上限': '5'}",丰饶之谷,,605,建筑
120,"{'类别': '商业区域', '地点': '城市', '时代': '2'}",银行,,609,建筑
121,"{'类别': '商业区域', '地点': '城市', '时代': '2'}",联盟大使馆,,616,建筑
122,"{'类别': '商业区域', '地点': '城市', '时代': '2', '建筑上限': '4'}",税收检查站,,621,建筑
123,"{'类别': '商业区域', '地点': '城市', '时代': '3', '建筑上限': '3'}",金库,,626,建筑
124,"{'类别': '商业区域', '地点': '城市', '时代': '4'}",信用社,,630,建筑
125,"{'类别': '商业区域', '地点': '城市', '时代': '5'}",火车站,,636,建筑
126,"{'类别': '商业区域', '地点': '城市', '时代': '6'}",基因中心,,644,建筑
127,"{'类别': '商业区域', '地点': '城市', '时代': '6'}",黄金工厂,,650,建筑
128,"{'类别': '信念与魔法', '地点': '城市', '时代': '1', '建筑上限': '1'}",丰收神殿,,656,建筑
129,"{'类别': '信念与魔法', '地点': '城市', '时代': '1', '建筑上限': '1'}",战争神殿,,661,建筑
130,"{'类别': '信念与魔法', '地点': '城市', '时代': '1', '建筑上限': '1'}",心灵神殿,,665,建筑
131,"{'类别': '信念与魔法', '地点': '城市', '时代': '1'}",寺庙,,669,建筑
132,"{'类别': '信念与魔法', '地点': '城市', '时代': '1', '建筑上限': '1'}",神示所,,676,建筑
133,"{'类别': '信念与魔法', '地点': '城市', '时代': '13'}",命运神殿,,679,建筑
134,"{'类别': '信念与魔法', '地点': '城市', '时代': '1'}",献祭圣坛,,682,建筑
135,"{'类别': '信念与魔法', '地点': '城市', '时代': '1'}",魔法环,,687,建筑
136,"{'类别': '信念与魔法', '地点': '城市', '时代': '100'}",修道院,,691,建筑
137,"{'类别': '信念与魔法', '地点': '城市', '时代': '1'}",好运之森,,697,建筑
138,"{'类别': '信念与魔法', '地点': '城市', '时代': '1'}",法力场,,700,建筑
139,"{'类别': '信念与魔法', '地点': '城市', '时代': '2', '建筑上限': '5'}",法力之柱,,703,建筑
140,"{'类别': '信念与魔法', '地点': '城市', '时代': '2'}",神之荣耀,,707,建筑
141,"{'类别': '信念与魔法', '地点': '城市', '时代': '3'}",物质转化器,,712,建筑
142,"{'类别': '信念与魔法', '地点': '城市', '时代': '100'}",宗教部,,717,建筑
143,"{'类别': '信念与魔法', '地点': '城市', '时代': '3'}",秘密会议,,727,建筑
144,"{'类别': '信念与魔法', '地点': '城市', '时代': '3', '建筑上限': '1'}",亡者之门,,732,建筑
145,"{'类别': '信念与魔法', '地点': '城市', '时代': '3', '建筑上限': '5'}",门之解密,,734,建筑
146,"{'类别': '信念与魔法', '地点': '城市', '时代': '3', '建筑上限': '1'}",众神之陵,,738,建筑
147,"{'类别': '信念与魔法', '地点': '城市', '时代': '4'}",精神花园,,746,建筑
148,"{'类别': '信念与魔法', '地点': '城市', '时代': '4', '建筑上限': '4'}",繁荣之泉,,750,建筑
149,"{'类别': '信念与魔法', '地点': '城市', '时代': '5'}",法力反应堆,,753,建筑
150,"{'类别': '信念与魔法', '地点': '城市', '时代': '6'}",法力工厂,,758,建筑
151,"{'类别': '存储', '地点': '城市', '时代': '1'}",储物间,,763,建筑
152,"{'类别': '存储', '地点': '城市', '时代': '100'}",远古保险库,,767,建筑
153,"{'类别': '存储', '地点': '城市', '时代': '2'}",大型库房,,773,建筑
154,"{'类别': '存储', '地点': '城市', '时代': '4'}",存储设施,,779,建筑
155,"{'类别': '存储', '地点': '城市', '时代': '3'}",有人值守仓库,,785,建筑
156,"{'类别': '存储', '地点': '城市', '时代': '4'}",大型仓库,,791,建筑
157,"{'类别': '存储', '地点': '城市', '时代': '4'}",钠红石仓库,,797,建筑
158,"{'类别': '存储', '地点': '城市', '时代': '5'}",物流中心,,800,建筑
159,"{'类别': '生活区域', '地点': '定居点', '时代': '5', '建筑上限': '15'}",定居点大厅,,807,建筑
160,"{'类别': '生产与制造', '地点': '定居点', '时代': '5'}",建筑工联合体,,818,建筑
161,"{'类别': '生产与制造', '地点': '定居点', '时代': '5'}",工匠联合体,,824,建筑
162,"{'类别': '生产与制造', '地点': '定居点', '时代': '5'}",炼金联合体,,832,建筑
163,"{'类别': '生产与制造', '地点': '定居点', '时代': '6'}",辉烬工厂,,837,建筑
164,"{'类别': '生产与制造', '地点': '定居点', '时代': '6'}",粗放耕作场,,842,建筑
165,"{'类别': '生产与制造', '地点': '定居点', '时代': '6'}",钢厂,,847,建筑
166,"{'类别': '生产与制造', '地点': '定居点', '时代': '6'}",水晶培育场,,852,建筑
167,"{'类别': '生活区域', '地点': '定居点', '时代': '5'}",精灵村庄,,857,建筑
168,"{'类别': '生活区域', '地点': '定居点', '时代': '6'}",精灵城镇,,863,建筑
169,"{'类别': '知识区域', '地点': '定居点', '时代': '5'}",精灵营地,,870,建筑
170,"{'类别': '知识区域', '地点': '定居点', '时代': '6', '建筑上限': '1'}",治疗圣所,,875,建筑
171,"{'类别': '知识区域', '地点': '定居点', '时代': '6', '建筑上限': '8'}",治疗室,,882,建筑
172,"{'类别': '知识区域', '地点': '定居点', '时代': '6', '建筑上限': '8'}",再生花园,,885,建筑
173,"{'类别': '生产与制造', '地点': '定居点', '时代': '5'}",码头,,888,建筑
174,"{'类别': '生产与制造', '地点': '定居点', '时代': '5'}",精炼厂,,894,建筑
175,"{'类别': '商业区域', '地点': '定居点', '时代': '5'}",海关,,901,建筑
176,"{'类别': '商业区域', '地点': '定居点', '时代': '6'}",金融中心,,907,建筑
177,"{'类别': '生产与制造', '地点': '定居点', '时代': '5'}",庄园,,912,建筑
178,"{'类别': '军事与防御', '地点': '定居点', '时代': '5'}",战壕,,923,建筑
179,"{'类别': '存储', '地点': '定居点', '时代': '5'}",棚屋,,927,建筑
180,"{'类别': '存储', '地点': '定居点', '时代': '5'}",大型棚屋,,932,建筑
181,"{'类别': '奇观', '地点': '定居点', '时代': '5', '建筑上限': '1'}",美德雕像,,937,建筑
182,"{'类别': '存储', '地点': '定居点', '时代': '6', '建筑上限': '3'}",禁锢单元,,948,建筑
183,"{'类别': '奇观', '地点': '定居点', '时代': '5', '建筑上限': '20'}",美德雕像组件,,952,建筑
184,"{'类别': '军事与防御', '地点': '定居点', '时代': '5', '建筑上限': '15'}",军营,,959,建筑
185,"{'类别': '军事与防御', '地点': '定居点', '时代': '5', '建筑上限': '15'}",据点,,964,建筑
186,"{'类别': '军事与防御', '地点': '定居点', '时代': '5', '建筑上限': '15'}",定居点招募营,,969,建筑
187,"{'类别': '奇观', '地点': '定居点', '时代': '5', '建筑上限': '1'}",磐石堡垒,,974,建筑
188,"{'类别': '奇观', '地点': '定居点', '时代': '5', '建筑上限': '20'}",磐石堡垒组件,,981,建筑
189,"{'类别': '信念与魔法', '地点': '定居点', '时代': '5'}",朝觐者营地,,988,建筑
190,"{'类别': '信念与魔法', '地点': '定居点', '时代': '5'}",旧神教堂,,996,建筑
191,"{'类别': '信念与魔法', '地点': '定居点', '时代': '5'}",法力提取器,,1003,建筑
192,"{'类别': '信念与魔法', '地点': '定居点', '时代': '6'}",法力制造器,,1007,建筑
193,"{'类别': '奇观', '地点': '定居点', '时代': '5', '建筑上限': '1'}",应许之地,,1011,建筑
194,"{'类别': '奇观', '地点': '定居点', '时代': '5', '建筑上限': '20'}",应许之地组件,,1019,建筑
195,"{'类别': '生活区域', '地点': '深渊', '时代': '6', '建筑上限': '20'}",光之信标,,1025,建筑
196,"{'类别': '军事与防御', '地点': '深渊', '时代': '6'}",深渊前哨,,1030,建筑
197,"{'类别': '生产与制造', '地点': '深渊', '时代': '6'}",集结区域,,1037,建筑
198,"{'类别': '军事与防御', '地点': '深渊', '时代': '6', '建筑上限': '20'}",光明炮塔,,1042,建筑
199,"{'类别': '军事与防御', '地点': '深渊', '时代': '6', '建筑上限': '12'}",探测系统,,1047,建筑
200,"{'类别': '军事与防御', '地点': '深渊', '时代': '13'}",佣兵营地,,1052,建筑
201,"{'类别': '知识区域', '地点': '深渊', '时代': '6'}",奥术学校,,1060,建筑
202,"{'类别': '知识区域', '地点': '深渊', '时代': '6', '建筑上限': '1'}",光明神殿,,1066,建筑
203,"{'类别': '知识区域', '地点': '深渊', '时代': '6', '建筑上限': '1'}",奥术神殿,,1069,建筑
204,"{'类别': '知识区域', '地点': '深渊', '时代': '6', '建筑上限': '1'}",邪恶神殿,,1074,建筑
205,"{'类别': '生活区域', '地点': '深渊', '时代': '6'}",地下房屋,,1082,建筑
206,"{'类别': '生活区域', '地点': '深渊', '时代': '6', '建筑上限': '5'}",光耀广场,,1087,建筑
207,"{'类别': '存储', '地点': '深渊', '时代': '6'}",地下储物间,,1095,建筑
208,"{'类别': '存储', '地点': '定居点', '时代': '6'}",发射井,,1100,建筑
209,"{'类别': '奇观', '地点': '深渊', '时代': '6', '建筑上限': '1'}",信号机器,,1104,建筑
210,"{'类别': '奇观', '地点': '深渊', '时代': '6', '建筑上限': '11'}",信号机器组件,,1105,建筑
211,"{'类别': '奇观', '地点': '深渊', '时代': '6', '建筑上限': '1'}",人类导引,,1109,建筑
212,"{'类别': '奇观', '地点': '深渊', '时代': '6', '建筑上限': '10'}",人类导引组件,,1113,建筑
213,"{'类别': '生产与制造', '地点': '深渊', '时代': '6'}",采矿区,,1120,建筑
214,"{'类别': '生产与制造', '地点': '深渊', '时代': '6'}",辉烬精炼厂,,1124,建筑
215,"{'类别': '军事与防御', '地点': '深渊', '时代': '6'}",强化兵营,,1129,建筑
216,"{'类别': '军事与防御', '地点': '深渊', '时代': '13', '建筑上限': '10'}",炮兵军官营房,,1137,建筑
217,"{'类别': '信念与魔法', '地点': '深渊', '时代': '6'}",法力电池,,1144,建筑
218,"{'类别': '信念与魔法', '地点': '深渊', '时代': '6', '建筑上限': '10'}",天使宫殿,,1150,建筑
219,{},"搜索位范围：影响能否探索到。esp我不明白是干什么用的...
普通以上难度，敌人数量会增多，并且会浮动，别的佬应该拆过了_(:з」∠)_",,1,敌人
220,"{'esp': '4', '等级': '1', '搜索位范围': '[1, 1]'}",远古墓地,,4,敌人
221,"{'esp': '5', '等级': '1', '搜索位范围': '[12, 13]'}",远古藏身处,,7,敌人
222,"{'esp': '45', '等级': '5', '搜索位范围': '[16, 16]'}",远古灯塔,,9,敌人
223,"{'esp': '45', '等级': '5', '搜索位范围': '[14, 14]'}",远古遗迹,,11,敌人
224,"{'esp': '55', '等级': '6', '搜索位范围': '[32, 32]'}",黑暗骑士巡逻队,,13,敌人
225,"{'esp': '45', '等级': '6', '搜索位范围': '[35, 35]'}",黑暗村庄,,15,敌人
226,"{'esp': '32', '等级': '2', '搜索位范围': '[29, 29]'}",球形闪电场,,17,敌人
227,"{'esp': '2', '等级': '1', '搜索位范围': '[3, 4]'}",强盗营地,,19,敌人
228,"{'esp': '7', '等级': '1', '搜索位范围': '[2, 2]'}",野蛮人营地,,21,敌人
229,"{'esp': '16', '等级': '2', '搜索位范围': '[7, 7]'}",野蛮人村庄,,24,敌人
230,"{'esp': '13', '等级': '2', '搜索位范围': '[5, 5]'}",荒山,,28,敌人
231,"{'esp': '12', '等级': '2', '搜索位范围': '[6, 6]'}",蛇怪洞穴,,31,敌人
232,"{'esp': '8', '等级': '2', '搜索位范围': '[8, 8]'}",燃烧深坑,,34,敌人
233,"{'esp': '20', '等级': '2', '搜索位范围': '[39, 39]'}",黑魔法塔,,36,敌人
234,"{'esp': '8', '等级': '2', '搜索位范围': '[9, 9]'}",熊地精部落,,39,敌人
235,"{'esp': '32', '等级': '4', '搜索位范围': '[9, 10]'}",熊地精作战队,,41,敌人
236,"{'esp': '35', '等级': '5', '搜索位范围': '[24, 24]'}",深渊教堂,,43,敌人
237,"{'esp': '33', '等级': '5', '搜索位范围': '[20, 21]'}",亡者要塞,,45,敌人
238,"{'esp': '45', '等级': '6', '搜索位范围': '[31, 31]'}",死灵法师之环,,48,敌人
239,"{'esp': '12', '等级': '2', '搜索位范围': '[18, 19]'}",建筑工地,,51,敌人
240,"{'esp': '42', '等级': '7', '搜索位范围': '[18, 25]'}",腐化之地,,55,敌人
241,"{'esp': '35', '等级': '5', '搜索位范围': '[18, 18]'}",暗渊之阱,,58,敌人
242,"{'esp': '45', '等级': '4', '搜索位范围': '[28, 31]'}",亵渎神庙,,60,敌人
243,"{'esp': '16', '等级': '2', '搜索位范围': '[10, 10]'}",逃兵巢穴,,62,敌人
244,"{'esp': '40', '等级': '5', '搜索位范围': '[40, 40]'}",女恶魔城堡,,64,敌人
245,"{'esp': '28', '等级': '3', '搜索位范围': '[11, 11]'}",恶魔传送门,,68,敌人
246,"{'esp': '48', '等级': '5', '搜索位范围': '[29, 29]'}",茂密的绿洲,,71,敌人
247,"{'esp': '99', '等级': '9', '搜索位范围': '[15, 15]'}",烬火灾主,,75,敌人
248,"{'esp': '35', '等级': '5', '搜索位范围': '[22, 22]'}",邪恶居所,,82,敌人
249,"{'esp': '55', '等级': '6', '搜索位范围': '[21, 21]'}",南火荒漠,,84,敌人
250,"{'esp': '42', '等级': '4', '搜索位范围': '[12, 12]'}",地狱之洞,,88,敌人
251,"{'esp': '55', '等级': '5', '搜索位范围': '[28, 28]'}",金矿,,92,敌人
252,"{'esp': '22', '等级': '4', '搜索位范围': '[30, 30]'}",爬行动物之王,,94,敌人
253,"{'esp': '70', '等级': '7', '搜索位范围': '[20, 20]'}",火法师领域入口,,97,敌人
254,"{'esp': '32', '等级': '6', '搜索位范围': '[33, 34]'}",失落山谷,,101,敌人
255,"{'esp': '32', '等级': '2', '搜索位范围': '[13, 14]'}",东部圣地,,103,敌人
256,"{'esp': '30', '等级': '3', '搜索位范围': '[11, 11]'}",永恒大殿,,105,敌人
257,"{'esp': '19', '等级': '2', '搜索位范围': '[1, 20]'}",双头巨人营地,,107,敌人
258,"{'esp': '32', '等级': '3', '搜索位范围': '[22, 22]'}",双头巨人奴隶主,,109,敌人
259,"{'esp': '32', '等级': '3', '搜索位范围': '[25, 25]'}",地之元素环,,111,敌人
260,"{'esp': '32', '等级': '3', '搜索位范围': '[23, 23]'}",火之元素环,,113,敌人
261,"{'esp': '32', '等级': '3', '搜索位范围': '[24, 24]'}",冰之元素环,,115,敌人
262,"{'esp': '32', '等级': '3', '搜索位范围': '[23, 23]'}",风之元素环,,117,敌人
263,"{'esp': '11', '等级': '4', '搜索位范围': '[23, 23]'}",火蜥蜴巢穴,,119,敌人
264,"{'esp': '27', '等级': '4', '搜索位范围': '[35, 35]'}",加里亚德佣兵营地,,121,敌人
265,"{'esp': '27', '等级': '3', '搜索位范围': '[23, 23]'}",巨型寺庙,,123,敌人
266,"{'esp': '5', '等级': '4', '搜索位范围': '[19, 19]'}",阴暗狼人之森,,125,敌人
267,"{'esp': '2', '等级': '1', '搜索位范围': '[15, 16]'}",地精巢穴,,128,敌人
268,"{'esp': '5', '等级': '3', '搜索位范围': '[17, 17]'}",蛇发女妖巢穴,,130,敌人
269,"{'esp': '8', '等级': '2', '搜索位范围': '[17, 17]'}",豺狼人突袭队,,134,敌人
270,"{'esp': '37', '等级': '4', '搜索位范围': '[17, 18]'}",豺狼人营地,,136,敌人
271,"{'esp': '15', '等级': '2', '搜索位范围': '[21, 21]'}",魔像洞穴,,138,敌人
272,"{'esp': '25', '等级': '5', '搜索位范围': '[37, 37]'}",古鲁德·乌格顿城堡,,141,敌人
273,"{'esp': '8', '等级': '2', '搜索位范围': '[18, 18]'}",鹰身女妖巢穴,,144,敌人
274,"{'esp': '4', '等级': '1', '搜索位范围': '[5, 5]'}",闹鬼图书馆,,147,敌人
275,"{'esp': '7', '等级': '2', '搜索位范围': '[19, 19]'}",淘气鬼营地,,149,敌人
276,"{'esp': '21', '等级': '3', '搜索位范围': '[32, 32]'}",淘气鬼酋长,,151,敌人
277,"{'esp': '5', '等级': '4', '搜索位范围': '[18, 18]'}",多头蛇之坑,,154,敌人
278,"{'esp': '5', '等级': '4', '搜索位范围': '[19, 19]'}",巨门,,158,敌人
279,"{'esp': '28', '等级': '3', '搜索位范围': '[31, 31]'}",铅魔像矿井,,159,敌人
280,"{'esp': '11', '等级': '2', '搜索位范围': '[37, 39]'}",小矮妖巢穴,,161,敌人
281,"{'esp': '31', '等级': '4', '搜索位范围': '[19, 19]'}",巫妖寺庙,,163,敌人
282,"{'esp': '18', '等级': '3', '搜索位范围': '[14, 14]'}",狗头人之城,,167,敌人
283,"{'esp': '9', '等级': '2', '搜索位范围': '[20, 20]'}",狗头人隧道,,170,敌人
284,"{'esp': '9', '等级': '2', '搜索位范围': '[11, 11]'}",狗头人藏匿处,,173,敌人
285,"{'esp': '3', '等级': '1', '搜索位范围': '[7, 7]'}",科里根矮妖石屋,,174,敌人
286,"{'esp': '12', '等级': '4', '搜索位范围': '[22, 22]'}",玛卡纳特森林,,176,敌人
287,"{'esp': '5', '等级': '4', '搜索位范围': '[20, 20]'}",牛头怪迷宫,,178,敌人
288,"{'esp': '17', '等级': '3', '搜索位范围': '[22, 22]'}",山岭洞穴,,182,敌人
289,"{'esp': '50', '等级': '4', '搜索位范围': '[29, 29]'}",山中之谷,,185,敌人
290,"{'esp': '8', '等级': '2', '搜索位范围': '[23, 23]'}",娜迦老巢,,189,敌人
291,"{'esp': '32', '等级': '4', '搜索位范围': '[25, 25]'}",灯神宫殿,,191,敌人
292,"{'esp': '14', '等级': '3', '搜索位范围': '[26, 26]'}",死灵法师地穴,,193,敌人
293,"{'esp': '32', '等级': '3', '搜索位范围': '[27, 27]'}",北部圣地,,196,敌人
294,"{'esp': '32', '等级': '2', '搜索位范围': '[28, 28]'}",佣兵营地,,198,敌人
295,"{'esp': '14', '等级': '2', '搜索位范围': '[29, 29]'}",蕈人洞穴,,200,敌人
296,"{'esp': '4', '等级': '1', '搜索位范围': '[28, 29]'}",老草场,,202,敌人
297,"{'esp': '4', '等级': '1', '搜索位范围': '[29, 31]'}",旧贮藏室,,204,敌人
298,"{'esp': '45', '等级': '5', '搜索位范围': '[7, 9]'}",兽人戈米亚克堡垒,,206,敌人
299,"{'esp': '50', '等级': '5', '搜索位范围': '[10, 11]'}",兽人霍里斯堡垒,,209,敌人
300,"{'esp': '50', '等级': '5', '搜索位范围': '[12, 13]'}",兽人奥索格堡垒,,212,敌人
301,"{'esp': '50', '等级': '5', '搜索位范围': '[14, 15]'}",兽人图尔冈堡垒,,215,敌人
302,"{'esp': '34', '等级': '5', '搜索位范围': '[4, 6]'}",兽人突袭队,,218,敌人
303,"{'esp': '34', '等级': '5', '搜索位范围': '[1, 3]'}",兽人集中营,,220,敌人
304,"{'esp': '11', '等级': '2', '搜索位范围': '[22, 22]'}",掠夺者藏身处,,223,敌人
305,"{'esp': '8', '等级': '2', '搜索位范围': '[31, 32]'}",生锈仓库,,225,敌人
306,"{'esp': '45', '等级': '4', '搜索位范围': '[31, 31]'}",拯救受诅者,,230,敌人
307,"{'esp': '1', '等级': '7', '搜索位范围': '[38, 38]'}",沉眠的泰坦,,233,敌人
308,"{'esp': '13', '等级': '3', '搜索位范围': '[1, 2]'}",骷髅脸营地,,235,敌人
309,"{'esp': '31', '等级': '4', '搜索位范围': '[35, 37]'}",走私者仓库,,238,敌人
310,"{'esp': '8', '等级': '2', '搜索位范围': '[30, 30]'}",蛇穴,,241,敌人
311,"{'esp': '13', '等级': '2', '搜索位范围': '[31, 31]'}",蜘蛛森林,,243,敌人
312,"{'esp': '32', '等级': '3', '搜索位范围': '[21, 21]'}",阿塔玛之子,,245,敌人
313,"{'esp': '17', '等级': '2', '搜索位范围': '[32, 32]'}",奇怪的村庄,,248,敌人
314,"{'esp': '32', '等级': '3', '搜索位范围': '[33, 34]'}",南部圣地,,249,敌人
315,"{'esp': '29', '等级': '4', '搜索位范围': '[33, 33]'}",魅魔黑暗图书馆,,251,敌人
316,"{'esp': '10', '等级': '4', '搜索位范围': '[29, 29]'}",巨黄蜂群落,,253,敌人
317,"{'esp': '7', '等级': '2', '搜索位范围': '[32, 32]'}",石像鬼寺庙,,254,敌人
318,"{'esp': '8', '等级': '2', '搜索位范围': '[35, 35]'}",巨魔洞穴,,256,敌人
319,"{'esp': '32', '等级': '3', '搜索位范围': '[37, 38]'}",西部圣地,,258,敌人
320,"{'esp': '2', '等级': '1', '搜索位范围': '[24, 24]'}",狼群,,260,敌人
321,"{'esp': '14', '等级': '3', '搜索位范围': '[37, 37]'}",破旧的地穴,,261,敌人
322,"{'esp': '26', '等级': '5', '搜索位范围': '[11, 11]'}",巨大洞穴,,262,敌人
323,"{'esp': '12', '等级': '2', '搜索位范围': '[36, 36]'}",双足飞龙巢穴,,264,敌人
324,"{'esp': '1', '等级': '0', '搜索位范围': '[1, 40]'}",蝙蝠洞穴,,266,敌人
325,"{'esp': '1', '等级': '0', '搜索位范围': '[1, 32]'}",狗头人掠夺者,,268,敌人
326,"{'esp': '1', '等级': '0', '搜索位范围': '[1, 32]'}",肮脏的掠夺者,,269,敌人
327,"{'esp': '1', '等级': '0', '搜索位范围': '[1, 32]'}",囚车,,270,敌人
328,"{'esp': '1', '等级': '0', '搜索位范围': '[1, 32]'}",老鼠地窖,,271,敌人
329,"{'esp': '35', '等级': '6', '搜索位范围': '[33, 33]'}",大墓地,,272,敌人
330,"{'esp': '35', '等级': '4', '搜索位范围': '[35, 36]'}",吸血鬼地穴,,275,敌人
331,"{'esp': '32', '等级': '4', '搜索位范围': '[37, 37]'}",吸血鬼老巢,,277,敌人
332,"{'esp': '10', '等级': '0', '搜索位范围': '[17, 36]'}",远西岛,,280,敌人
333,"{'esp': '12', '等级': '4', '搜索位范围': '[34, 34]'}",旧前哨,,281,敌人
334,"{'esp': '22', '等级': '4', '搜索位范围': '[36, 36]'}",加里亚德的遗忘避难所,,284,敌人
335,"{'esp': '31', '等级': '5', '搜索位范围': '[38, 38]'}",远古巨人,,286,敌人
336,"{'esp': '35', '等级': '4', '搜索位范围': '[23, 27]'}",小型尸潮,,288,敌人
337,"{'esp': '35', '等级': '5', '搜索位范围': '[24, 24]'}",大型尸潮,,289,敌人
338,"{'esp': '35', '等级': '6', '搜索位范围': '[25, 25]'}",巨型尸潮,,291,敌人
339,"{'类型': '定居点', '攻击': '1', '防御': '50', '溅射': '20', '践踏': '0', '默认顺序': '0'}",城市,,4,军队
340,"{'类型': '侦查', '攻击': '2', '防御': '2', '溅射': '0', '践踏': '0', '默认顺序': '3'}",侦察兵,,5,军队
341,"{'类型': '侦查', '攻击': '5', '防御': '5', '溅射': '0', '践踏': '0', '默认顺序': '3'}",探险家,,8,军队
342,"{'类型': '侦查', '攻击': '10', '防御': '10', '溅射': '0', '践踏': '0', '默认顺序': '3'}",无人机,,11,军队
343,"{'类型': '侦查', '攻击': '4', '防御': '4', '溅射': '0', '践踏': '0', '默认顺序': '3'}",使魔,,13,军队
344,"{'类型': '间谍', '攻击': '7', '防御': '3', '溅射': '0', '践踏': '0', '默认顺序': '3'}",间谍,,16,军队
345,"{'类型': '军队', '攻击': '3', '防御': '2', '溅射': '0', '践踏': '0', '默认顺序': '3', '兵种': '射手'}",弓箭手,,18,军队
346,"{'类型': '军队', '攻击': '14', '防御': '2', '溅射': '2', '践踏': '0', '默认顺序': '3', '兵种': '射手'}",投石机,,21,军队
347,"{'类型': '军队', '攻击': '11', '防御': '6', '溅射': '0', '践踏': '0', '默认顺序': '3', '兵种': '射手'}",弩手,,24,军队
348,"{'类型': '军队', '攻击': '28', '防御': '3', '溅射': '3', '践踏': '0', '默认顺序': '3', '兵种': '射手'}",巨型投石机,,28,军队
349,"{'类型': '军队', '攻击': '18', '防御': '11', '溅射': '0', '践踏': '0', '默认顺序': '3', '兵种': '射手'}",白色连队,,31,军队
350,"{'类型': '军队', '攻击': '72', '防御': '12', '溅射': '4', '践踏': '0', '默认顺序': '3', '兵种': '射手'}",战略家,,33,军队
351,"{'类型': '军队', '攻击': '48', '防御': '1', '溅射': '3', '践踏': '0', '默认顺序': '3', '兵种': '射手'}",法师,,36,军队
352,"{'类型': '军队', '攻击': '16', '防御': '7', '溅射': '0', '践踏': '0', '默认顺序': '3', '兵种': '射手'}",火绳枪兵,,39,军队
353,"{'类型': '军队', '攻击': '42', '防御': '4', '溅射': '4', '践踏': '0', '默认顺序': '3', '兵种': '射手'}",大炮,,42,军队
354,"{'类型': '军队', '攻击': '88', '防御': '8', '溅射': '5', '践踏': '0', '默认顺序': '3', '兵种': '射手'}",加农炮,,46,军队
355,"{'类型': '军队', '攻击': '160', '防御': '15', '溅射': '6', '践踏': '0', '默认顺序': '3', '兵种': '射手'}",火炮,,50,军队
356,"{'类型': '军队', '攻击': '260', '防御': '120', '溅射': '7', '践踏': '0', '默认顺序': '3', '兵种': '射手'}",大法师,,55,军队
357,"{'类型': '军队', '攻击': '22', '防御': '15', '溅射': '3', '践踏': '0', '默认顺序': '3', '兵种': '射手'}",游击兵,,59,军队
358,"{'类型': '军队', '攻击': '62', '防御': '55', '溅射': '3', '践踏': '0', '默认顺序': '3', '兵种': '射手'}",精灵战士,,62,军队
359,"{'类型': '军队', '攻击': '35', '防御': '15', '溅射': '0', '践踏': '0', '默认顺序': '3', '兵种': '射手'}",神射手,,65,军队
360,"{'类型': '军队', '攻击': '91', '防御': '2', '溅射': '2', '践踏': '0', '默认顺序': '3', '兵种': '射手'}",长弓手,,69,军队
361,"{'类型': '军队', '攻击': '90', '防御': '35', '溅射': '0', '践踏': '0', '默认顺序': '3', '兵种': '射手'}",机枪手,,72,军队
362,"{'类型': '军队', '攻击': '2', '防御': '7', '溅射': '0', '践踏': '0', '默认顺序': '1', '兵种': '肉盾'}",长矛兵,,76,军队
363,"{'类型': '军队', '攻击': '6', '防御': '20', '溅射': '0', '践踏': '0', '默认顺序': '1', '兵种': '肉盾'}",方阵步兵,,80,军队
364,"{'类型': '军队', '攻击': '3', '防御': '13', '溅射': '0', '践踏': '0', '默认顺序': '1', '兵种': '肉盾'}",武僧,,84,军队
365,"{'类型': '军队', '攻击': '5', '防御': '23', '溅射': '0', '践踏': '0', '默认顺序': '1', '兵种': '肉盾'}",持盾卫士,,87,军队
366,"{'类型': '军队', '攻击': '1', '防御': '36', '溅射': '0', '践踏': '0', '默认顺序': '2', '兵种': '肉盾'}",牧师,,91,军队
367,"{'类型': '军队', '攻击': '8', '防御': '22', '溅射': '0', '践踏': '0.5', '默认顺序': '1', '兵种': '肉盾'}",神圣魔像,,95,军队
368,"{'类型': '军队', '攻击': '3', '防御': '44', '溅射': '0', '践踏': '0.5', '默认顺序': '2', '兵种': '肉盾'}",武装商队,,99,军队
369,"{'类型': '军队', '攻击': '8', '防御': '24', '溅射': '0', '践踏': '0', '默认顺序': '2', '兵种': '肉盾'}",圣职者,,102,军队
370,"{'类型': '军队', '攻击': '15', '防御': '50', '溅射': '0', '践踏': '0.5', '默认顺序': '1', '兵种': '肉盾'}",主宰,,105,军队
371,"{'类型': '军队', '攻击': '28', '防御': '56', '溅射': '0', '践踏': '0', '默认顺序': '1', '兵种': '肉盾'}",圣斗士,,110,军队
372,"{'类型': '军队', '攻击': '24', '防御': '98', '溅射': '0', '践踏': '1', '默认顺序': '1', '兵种': '肉盾'}",巨兽,,113,军队
373,"{'类型': '军队', '攻击': '150', '防御': '750', '溅射': '8', '践踏': '0', '默认顺序': '1', '兵种': '肉盾'}",远古炎魔,,117,军队
374,"{'类型': '军队', '攻击': '2', '防御': '52', '溅射': '0', '践踏': '0', '默认顺序': '1', '兵种': '肉盾'}",走私者,,121,军队
375,"{'类型': '军队', '攻击': '20', '防御': '2250', '溅射': '12', '践踏': '0', '默认顺序': '1', '兵种': '肉盾'}",法力堡垒,,124,军队
376,"{'类型': '军队', '攻击': '400', '防御': '900', '溅射': '7', '践踏': '0', '默认顺序': '3', '兵种': '肉盾'}",大教长,,127,军队
377,"{'类型': '军队', '攻击': '8', '防御': '8', '溅射': '0', '践踏': '0', '默认顺序': '2', '兵种': '战士'}",战士,,131,军队
378,"{'类型': '军队', '攻击': '12', '防御': '8', '溅射': '0', '践踏': '0', '默认顺序': '1', '兵种': '战士'}",佣兵,,134,军队
379,"{'类型': '军队', '攻击': '12', '防御': '12', '溅射': '0', '践踏': '0', '默认顺序': '2', '兵种': '战士'}",重装战士,,136,军队
380,"{'类型': '军队', '攻击': '15', '防御': '15', '溅射': '0', '践踏': '0.5', '默认顺序': '2', '兵种': '战士'}",卡纳瓦护卫,,139,军队
381,"{'类型': '军队', '攻击': '18', '防御': '14', '溅射': '0', '践踏': '0', '默认顺序': '2', '兵种': '战士'}",超重装战士,,141,军队
382,"{'类型': '军队', '攻击': '34', '防御': '22', '溅射': '0', '践踏': '0', '默认顺序': '2', '兵种': '战士'}",线列步兵,,144,军队
383,"{'类型': '军队', '攻击': '82', '防御': '18', '溅射': '0', '践踏': '0.75', '默认顺序': '2', '兵种': '战士'}",调查兵团士兵,,148,军队
384,"{'类型': '军队', '攻击': '7', '防御': '8', '溅射': '0', '践踏': '0', '默认顺序': '1', '兵种': '战士'}",定居点民兵,,152,军队
385,"{'类型': '军队', '攻击': '68', '防御': '55', '溅射': '0', '践踏': '0', '默认顺序': '2', '兵种': '战士'}",步枪手,,155,军队
386,"{'类型': '军队', '攻击': '38', '防御': '36', '溅射': '0', '践踏': '0', '默认顺序': '2', '兵种': '战士'}",战斗天使,,159,军队
387,"{'类型': '军队', '攻击': '30', '防御': '26', '溅射': '0', '践踏': '1', '默认顺序': '3', '兵种': '战士'}",指挥官,,162,军队
388,"{'类型': '军队', '攻击': '40', '防御': '40', '溅射': '4', '践踏': '0', '默认顺序': '2', '兵种': '战士'}",驯服的灯神,,164,军队
389,"{'类型': '军队', '攻击': '60', '防御': '100', '溅射': '0', '践踏': '1', '默认顺序': '3', '兵种': '战士'}",将军,,166,军队
390,"{'类型': '军队', '攻击': '450', '防御': '400', '溅射': '0', '践踏': '1', '默认顺序': '2', '兵种': '战士'}",炽天使,,168,军队
391,"{'类型': '军队', '攻击': '1200', '防御': '150', '溅射': '8', '践踏': '0', '默认顺序': '2', '兵种': '战士'}",窃魂者尼哈鲁尔,,172,军队
392,"{'类型': '军队', '攻击': '10', '防御': '4', '溅射': '0', '践踏': '0.6', '默认顺序': '2', '兵种': '骑兵'}",轻骑兵,,174,军队
393,"{'类型': '军队', '攻击': '26', '防御': '22', '溅射': '0', '践踏': '0.7000000000000001', '默认顺序': '2', '兵种': '骑兵'}",骑士,,178,军队
394,"{'类型': '军队', '攻击': '18', '防御': '48', '溅射': '0', '践踏': '1', '默认顺序': '2', '兵种': '骑兵'}",甲胄骑兵,,182,军队
395,"{'类型': '军队', '攻击': '36', '防御': '28', '溅射': '0', '践踏': '0.8', '默认顺序': '2', '兵种': '骑兵'}",重骑兵,,186,军队
396,"{'类型': '军队', '攻击': '52', '防御': '44', '溅射': '0', '践踏': '0.9', '默认顺序': '2', '兵种': '骑兵'}",钢铁骑士,,191,军队
397,"{'类型': '军队', '攻击': '80', '防御': '65', '溅射': '0', '践踏': '1', '默认顺序': '2', '兵种': '骑兵'}",加里亚德团长,,196,军队
398,"{'类型': '军队', '攻击': '1250', '防御': '1000', '溅射': '5', '践踏': '0', '默认顺序': '2', '兵种': '骑兵'}",命运之化身,,199,军队
399,"{'类型': '军队', '攻击': '3200', '防御': '3600', '溅射': '15', '践踏': '0', '默认顺序': '3', '兵种': '骑兵'}",“猩红灾厄”维戈洛斯,,202,军队
400,"{'类型': '敌人', '攻击': '250', '防御': '16000', '溅射': '0', '践踏': '1', '默认顺序': '3', '兵种': '肉盾'}",远古巨人,,204,军队
401,"{'类型': '敌人', '攻击': '140', '防御': '34', '溅射': '0', '践踏': '0', '默认顺序': '2', '兵种': '骑兵'}",远古鬼魂,,205,军队
402,"{'类型': '敌人', '攻击': '26', '防御': '158', '溅射': '0', '践踏': '0', '默认顺序': '1', '兵种': '肉盾'}",远古军团,,206,军队
403,"{'类型': '敌人', '攻击': '46', '防御': '63', '溅射': '0', '践踏': '0', '默认顺序': '1', '兵种': '战士'}",蝎子人,,207,军队
404,"{'类型': '敌人', '攻击': '90', '防御': '52', '溅射': '2', '践踏': '0', '默认顺序': '3', '兵种': '战士'}",大恶魔,,208,军队
405,"{'类型': '敌人', '攻击': '120', '防御': '90', '溅射': '8', '践踏': '0', '默认顺序': '3', '兵种': '射手'}",大巫妖,,209,军队
406,"{'类型': '敌人', '攻击': '55', '防御': '20', '溅射': '2', '践踏': '0', '默认顺序': '1', '兵种': '骑兵'}",球形闪电,,210,军队
407,"{'类型': '敌人', '攻击': '195', '防御': '150', '溅射': '5', '践踏': '0', '默认顺序': '1', '兵种': '战士'}",炎魔,,211,军队
408,"{'类型': '敌人', '攻击': '3', '防御': '4', '溅射': '0', '践踏': '0', '默认顺序': '1', '兵种': '战士'}",强盗,,212,军队
409,"{'类型': '敌人', '攻击': '30', '防御': '12', '溅射': '0', '践踏': '1', '默认顺序': '1', '兵种': '战士'}",野蛮人天选者,,213,军队
410,"{'类型': '敌人', '攻击': '6', '防御': '18', '溅射': '0', '践踏': '0', '默认顺序': '2', '兵种': '肉盾'}",野蛮人鼓手,,214,军队
411,"{'类型': '敌人', '攻击': '48', '防御': '22', '溅射': '0', '践踏': '1', '默认顺序': '1', '兵种': '战士'}",野蛮人首领,,215,军队
412,"{'类型': '敌人', '攻击': '76', '防御': '56', '溅射': '0', '践踏': '1', '默认顺序': '3', '兵种': '战士'}",野蛮人之王,,216,军队
413,"{'类型': '敌人', '攻击': '13', '防御': '6', '溅射': '0', '践踏': '1', '默认顺序': '1', '兵种': '战士'}",野蛮人战士,,217,军队
414,"{'类型': '敌人', '攻击': '915', '防御': '1750', '溅射': '0', '践踏': '1', '默认顺序': '3', '兵种': '战士'}",莫德凯·暗棘男爵,,218,军队
415,"{'类型': '敌人', '攻击': '35', '防御': '16', '溅射': '0', '践踏': '0', '默认顺序': '1', '兵种': '射手'}",蛇怪,,219,军队
416,"{'类型': '敌人', '攻击': '52', '防御': '22', '溅射': '5', '践踏': '0', '默认顺序': '3', '兵种': '射手'}",黑暗巫师,,220,军队
417,"{'类型': '敌人', '攻击': '7', '防御': '16', '溅射': '0', '践踏': '0', '默认顺序': '1', '兵种': '肉盾'}",熊地精,,221,军队
418,"{'类型': '敌人', '攻击': '44', '防御': '32', '溅射': '0', '践踏': '1', '默认顺序': '2', '兵种': '战士'}",熊地精酋长,,222,军队
419,"{'类型': '敌人', '攻击': '140', '防御': '110', '溅射': '0', '践踏': '1', '默认顺序': '1', '兵种': '骑兵'}",鲨蜥兽,,223,军队
420,"{'类型': '敌人', '攻击': '18', '防御': '10', '溅射': '0', '践踏': '0', '默认顺序': '3', '兵种': '骑兵'}",骑射手,,224,军队
421,"{'类型': '敌人', '攻击': '4', '防御': '4', '溅射': '0', '践踏': '0', '默认顺序': '1', '兵种': '战士'}",着魔的居民,,225,军队
422,"{'类型': '敌人', '攻击': '25', '防御': '76', '溅射': '0', '践踏': '1', '默认顺序': '1', '兵种': '战士'}",独眼巨人,,226,军队
423,"{'类型': '敌人', '攻击': '80', '防御': '55', '溅射': '0', '践踏': '0', '默认顺序': '3', '兵种': '射手'}",邪教大师,,227,军队
424,"{'类型': '敌人', '攻击': '90', '防御': '90', '溅射': '0', '践踏': '1', '默认顺序': '3', '兵种': '射手'}",大名,,228,军队
425,"{'类型': '敌人', '攻击': '250', '防御': '250', '溅射': '0', '践踏': '1', '默认顺序': '2', '兵种': '战士'}",黑暗骑士,,229,军队
426,"{'类型': '敌人', '攻击': '6000', '防御': '9000', '溅射': '0', '践踏': '1', '默认顺序': '3', '兵种': '战士'}",炎骑士领主,,230,军队
427,"{'类型': '敌人', '攻击': '50', '防御': '80', '溅射': '0', '践踏': '0', '默认顺序': '3', '兵种': '射手'}",女恶魔,,231,军队
428,"{'类型': '敌人', '攻击': '20', '防御': '20', '溅射': '0', '践踏': '0', '默认顺序': '2', '兵种': '战士'}",恶魔火枪手,,232,军队
429,"{'类型': '敌人', '攻击': '7', '防御': '6', '溅射': '0', '践踏': '0', '默认顺序': '2', '兵种': '战士'}",逃兵,,233,军队
430,"{'类型': '敌人', '攻击': '1', '防御': '1', '溅射': '0', '践踏': '0', '默认顺序': '1', '兵种': '骑兵'}",脏鼠,,234,军队
431,"{'类型': '敌人', '攻击': '46', '防御': '36', '溅射': '0', '践踏': '0', '默认顺序': '2', '兵种': '射手'}",灯神,,235,军队
432,"{'类型': '敌人', '攻击': '20', '防御': '10', '溅射': '0', '践踏': '0', '默认顺序': '2', '兵种': '骑兵'}",龙人潜袭者,,236,军队
433,"{'类型': '敌人', '攻击': '80', '防御': '65', '溅射': '0', '践踏': '1', '默认顺序': '3', '兵种': '射手'}",龙人首领,,237,军队
434,"{'类型': '敌人', '攻击': '32', '防御': '10', '溅射': '2', '践踏': '0', '默认顺序': '3', '兵种': '射手'}",龙人巫师,,238,军队
435,"{'类型': '敌人', '攻击': '8', '防御': '14', '溅射': '0', '践踏': '0', '默认顺序': '1', '兵种': '战士'}",龙人战士,,239,军队
436,"{'类型': '敌人', '攻击': '20', '防御': '48', '溅射': '0', '践踏': '1', '默认顺序': '1', '兵种': '肉盾'}",土元素,,240,军队
437,"{'类型': '敌人', '攻击': '22', '防御': '84', '溅射': '0', '践踏': '0', '默认顺序': '1', '兵种': '肉盾'}",永恒守卫,,241,军队
438,"{'类型': '敌人', '攻击': '39', '防御': '67', '溅射': '0', '践踏': '1', '默认顺序': '1', '兵种': '肉盾'}",双头巨人,,242,军队
439,"{'类型': '敌人', '攻击': '76', '防御': '108', '溅射': '0', '践踏': '1', '默认顺序': '2', '兵种': '骑兵'}",无面恐怖‌,,243,军队
440,"{'类型': '敌人', '攻击': '150', '防御': '100', '溅射': '5', '践踏': '0', '默认顺序': '3', '兵种': '战士'}",堕天使,,244,军队
441,"{'类型': '敌人', '攻击': '28', '防御': '28', '溅射': '2', '践踏': '0', '默认顺序': '1', '兵种': '射手'}",火元素,,245,军队
442,"{'类型': '敌人', '攻击': '32', '防御': '20', '溅射': '0', '践踏': '0', '默认顺序': '1', '兵种': '骑兵'}",火蜥蜴,,246,军队
443,"{'类型': '敌人', '攻击': '20', '防御': '42', '溅射': '0', '践踏': '0', '默认顺序': '1', '兵种': '射手'}",冰元素,,247,军队
444,"{'类型': '敌人', '攻击': '112', '防御': '140', '溅射': '0', '践踏': '1', '默认顺序': '2', '兵种': '肉盾'}",冰霜巨人,,248,军队
445,"{'类型': '敌人', '攻击': '70', '防御': '120', '溅射': '0', '践踏': '1', '默认顺序': '2', '兵种': '战士'}",加里亚德,,249,军队
446,"{'类型': '敌人', '攻击': '8', '防御': '28', '溅射': '0', '践踏': '0', '默认顺序': '1', '兵种': '肉盾'}",石像鬼,,250,军队
447,"{'类型': '敌人', '攻击': '6', '防御': '8', '溅射': '0', '践踏': '0', '默认顺序': '2', '兵种': '骑兵'}",恶魂,,251,军队
448,"{'类型': '敌人', '攻击': '4', '防御': '5', '溅射': '0', '践踏': '0', '默认顺序': '1', '兵种': '战士'}",食尸鬼,,252,军队
449,"{'类型': '敌人', '攻击': '5', '防御': '5', '溅射': '0', '践踏': '0', '默认顺序': '2', '兵种': '骑兵'}",鬼魂,,253,军队
450,"{'类型': '敌人', '攻击': '6000', '防御': '8000', '溅射': '5', '践踏': '0', '默认顺序': '2', '兵种': '射手'}",巨型死亡机器人,,254,军队
451,"{'类型': '敌人', '攻击': '16', '防御': '8', '溅射': '0', '践踏': '0', '默认顺序': '2', '兵种': '骑兵'}",巨蛇,,255,军队
452,"{'类型': '敌人', '攻击': '10', '防御': '8', '溅射': '0', '践踏': '0', '默认顺序': '2', '兵种': '骑兵'}",巨蜘蛛,,256,军队
453,"{'类型': '敌人', '攻击': '8', '防御': '4', '溅射': '0', '践踏': '0', '默认顺序': '1', '兵种': '骑兵'}",巨黄蜂,,257,军队
454,"{'类型': '敌人', '攻击': '23', '防御': '18', '溅射': '0', '践踏': '1', '默认顺序': '2', '兵种': '战士'}",豺狼人首领,,258,军队
455,"{'类型': '敌人', '攻击': '6', '防御': '5', '溅射': '0', '践踏': '0', '默认顺序': '1', '兵种': '战士'}",豺狼人掠夺者,,259,军队
456,"{'类型': '敌人', '攻击': '3', '防御': '3', '溅射': '0', '践踏': '0', '默认顺序': '1', '兵种': '射手'}",地精掠夺者,,260,军队
457,"{'类型': '敌人', '攻击': '20', '防御': '15', '溅射': '5', '践踏': '0', '默认顺序': '3', '兵种': '战士'}",地精大王,,261,军队
458,"{'类型': '敌人', '攻击': '3', '防御': '4', '溅射': '0', '践踏': '0', '默认顺序': '2', '兵种': '战士'}",地精战士,,262,军队
459,"{'类型': '敌人', '攻击': '6', '防御': '7', '溅射': '0', '践踏': '1', '默认顺序': '2', '兵种': '骑兵'}",地精狼骑兵,,263,军队
460,"{'类型': '敌人', '攻击': '11', '防御': '42', '溅射': '0', '践踏': '0', '默认顺序': '1', '兵种': '肉盾'}",魔像,,264,军队
461,"{'类型': '敌人', '攻击': '950', '防御': '600', '溅射': '0', '践踏': '0', '默认顺序': '1', '兵种': '战士'}",蛇发女妖,,265,军队
462,"{'类型': '敌人', '攻击': '16', '防御': '16', '溅射': '0', '践踏': '1', '默认顺序': '3', '兵种': '战士'}",高等恶魔,,266,军队
463,"{'类型': '敌人', '攻击': '42', '防御': '58', '溅射': '0', '践踏': '0', '默认顺序': '1', '兵种': '骑兵'}",狮鹫,,267,军队
464,"{'类型': '敌人', '攻击': '250', '防御': '180', '溅射': '6', '践踏': '0', '默认顺序': '3', '兵种': '射手'}",古鲁德,,268,军队
465,"{'类型': '敌人', '攻击': '950', '防御': '8000', '溅射': '7', '践踏': '0', '默认顺序': '3', '兵种': '战士'}",恶孽之手,,269,军队
466,"{'类型': '敌人', '攻击': '6', '防御': '6', '溅射': '0', '践踏': '0', '默认顺序': '1', '兵种': '骑兵'}",鹰身女妖,,270,军队
467,"{'类型': '敌人', '攻击': '20', '防御': '36', '溅射': '0', '践踏': '1', '默认顺序': '1', '兵种': '肉盾'}",山巨人,,271,军队
468,"{'类型': '敌人', '攻击': '11', '防御': '4', '溅射': '0', '践踏': '0', '默认顺序': '3', '兵种': '射手'}",淘气鬼弓箭手,,272,军队
469,"{'类型': '敌人', '攻击': '20', '防御': '34', '溅射': '0', '践踏': '1', '默认顺序': '2', '兵种': '战士'}",淘气鬼酋长,,273,军队
470,"{'类型': '敌人', '攻击': '6', '防御': '12', '溅射': '0', '践踏': '1', '默认顺序': '1', '兵种': '肉盾'}",淘气鬼士兵,,274,军队
471,"{'类型': '敌人', '攻击': '950', '防御': '900', '溅射': '4', '践踏': '0', '默认顺序': '1', '兵种': '骑兵'}",多头蛇,,275,军队
472,"{'类型': '敌人', '攻击': '30', '防御': '120', '溅射': '0', '践踏': '1', '默认顺序': '1', '兵种': '肉盾'}",悬浮坦克,,276,军队
473,"{'类型': '敌人', '攻击': '120', '防御': '80000', '溅射': '0', '践踏': '0', '默认顺序': '1', '兵种': '肉盾'}",巨门,,277,军队
474,"{'类型': '敌人', '攻击': '3', '防御': '1', '溅射': '0', '践踏': '0', '默认顺序': '2', '兵种': '射手'}",小鬼,,278,军队
475,"{'类型': '敌人', '攻击': '26', '防御': '28', '溅射': '0', '践踏': '0', '默认顺序': '1', '兵种': '战士'}",刀侍武士,,279,军队
476,"{'类型': '敌人', '攻击': '3', '防御': '2', '溅射': '0', '践踏': '0', '默认顺序': '1', '兵种': '战士'}",狗头人,,280,军队
477,"{'类型': '敌人', '攻击': '5', '防御': '12', '溅射': '0', '践踏': '0', '默认顺序': '1', '兵种': '肉盾'}",精英狗头人,,281,军队
478,"{'类型': '敌人', '攻击': '42', '防御': '48', '溅射': '0', '践踏': '1', '默认顺序': '1', '兵种': '战士'}",狗头人之王,,282,军队
479,"{'类型': '敌人', '攻击': '3', '防御': '2', '溅射': '0', '践踏': '0', '默认顺序': '2', '兵种': '射手'}",科里根矮妖投石者,,283,军队
480,"{'类型': '敌人', '攻击': '3', '防御': '5', '溅射': '0', '践踏': '0', '默认顺序': '1', '兵种': '战士'}",科里根矮妖欺诈者,,284,军队
481,"{'类型': '敌人', '攻击': '22', '防御': '72', '溅射': '0', '践踏': '0', '默认顺序': '1', '兵种': '肉盾'}",铅魔像,,285,军队
482,"{'类型': '敌人', '攻击': '8', '防御': '8', '溅射': '0', '践踏': '0', '默认顺序': '1', '兵种': '肉盾'}",次等恶魔,,286,军队
483,"{'类型': '敌人', '攻击': '60', '防御': '50', '溅射': '3', '践踏': '0', '默认顺序': '3', '兵种': '射手'}",巫妖,,287,军队
484,"{'类型': '敌人', '攻击': '13', '防御': '6', '溅射': '0', '践踏': '0', '默认顺序': '3', '兵种': '射手'}",撒尔喀特弓箭手,,288,军队
485,"{'类型': '敌人', '攻击': '50', '防御': '75', '溅射': '0', '践踏': '0', '默认顺序': '3', '兵种': '射手'}",撒尔喀特指挥官,,289,军队
486,"{'类型': '敌人', '攻击': '22', '防御': '32', '溅射': '0', '践踏': '0', '默认顺序': '3', '兵种': '射手'}",撒尔喀特萨满,,290,军队
487,"{'类型': '敌人', '攻击': '12', '防御': '12', '溅射': '0', '践踏': '0', '默认顺序': '1', '兵种': '战士'}",撒尔喀特战士,,291,军队
488,"{'类型': '敌人', '攻击': '900', '防御': '600', '溅射': '0', '践踏': '1', '默认顺序': '1', '兵种': '骑兵'}",玛卡纳特,,292,军队
489,"{'类型': '敌人', '攻击': '26', '防御': '12', '溅射': '0', '践踏': '0', '默认顺序': '2', '兵种': '骑兵'}",机械狼,,293,军队
490,"{'类型': '敌人', '攻击': '12000', '防御': '150000', '溅射': '12', '践踏': '0', '默认顺序': '3', '兵种': '射手'}",无智之恶,,294,军队
491,"{'类型': '敌人', '攻击': '1000', '防御': '1800', '溅射': '0', '践踏': '1', '默认顺序': '1', '兵种': '肉盾'}",牛头怪,,295,军队
492,"{'类型': '敌人', '攻击': '1', '防御': '35000', '溅射': '20', '践踏': '0', '默认顺序': '1', '兵种': '肉盾'}",邪雾,,296,军队
493,"{'类型': '敌人', '攻击': '150', '防御': '30', '溅射': '0', '践踏': '0', '默认顺序': '3', '兵种': '战士'}",移动炮塔,,297,军队
494,"{'类型': '敌人', '攻击': '34', '防御': '42', '溅射': '0', '践踏': '1', '默认顺序': '3', '兵种': '肉盾'}",山岭巨人,,298,军队
495,"{'类型': '敌人', '攻击': '22', '防御': '18', '溅射': '0', '践踏': '0', '默认顺序': '2', '兵种': '战士'}",铁炮足轻,,299,军队
496,"{'类型': '敌人', '攻击': '3', '防御': '10', '溅射': '0', '践踏': '0', '默认顺序': '1', '兵种': '肉盾'}",蕈人,,300,军队
497,"{'类型': '敌人', '攻击': '12', '防御': '12', '溅射': '0', '践踏': '0', '默认顺序': '1', '兵种': '骑兵'}",娜迦,,301,军队
498,"{'类型': '敌人', '攻击': '380', '防御': '1020', '溅射': '0', '践踏': '1', '默认顺序': '3', '兵种': '骑兵'}",娜迦公主,,302,军队
499,"{'类型': '敌人', '攻击': '110', '防御': '80', '溅射': '0', '践踏': '1', '默认顺序': '2', '兵种': '战士'}",娜迦皇家卫兵,,303,军队
500,"{'类型': '敌人', '攻击': '28', '防御': '15', '溅射': '4', '践踏': '0', '默认顺序': '3', '兵种': '射手'}",死灵法师,,304,军队
501,"{'类型': '敌人', '攻击': '780', '防御': '1020', '溅射': '9', '践踏': '0', '默认顺序': '3', '兵种': '射手'}",窃魂者尼哈鲁尔,,305,军队
502,"{'类型': '敌人', '攻击': '45', '防御': '99', '溅射': '0', '践踏': '0', '默认顺序': '1', '兵种': '肉盾'}",鬼,,306,军队
503,"{'类型': '敌人', '攻击': '35', '防御': '130', '溅射': '0', '践踏': '1', '默认顺序': '1', '兵种': '战士'}",精英兽人,,307,军队
504,"{'类型': '敌人', '攻击': '55', '防御': '11', '溅射': '0', '践踏': '1', '默认顺序': '1', '兵种': '战士'}",兽人狂战士,,308,军队
505,"{'类型': '敌人', '攻击': '45', '防御': '12', '溅射': '3', '践踏': '0', '默认顺序': '3', '兵种': '射手'}",兽人火法师,,309,军队
506,"{'类型': '敌人', '攻击': '18', '防御': '169', '溅射': '0', '践踏': '0', '默认顺序': '1', '兵种': '肉盾'}",铁皮兽人,,310,军队
507,"{'类型': '敌人', '攻击': '33', '防御': '28', '溅射': '0', '践踏': '0', '默认顺序': '3', '兵种': '射手'}",兽人萨满,,311,军队
508,"{'类型': '敌人', '攻击': '31', '防御': '10', '溅射': '0', '践踏': '0', '默认顺序': '3', '兵种': '射手'}",兽人投石兵,,312,军队
509,"{'类型': '敌人', '攻击': '33', '防御': '70', '溅射': '0', '践踏': '1', '默认顺序': '2', '兵种': '骑兵'}",兽人座狼骑兵,,313,军队
510,"{'类型': '敌人', '攻击': '70', '防御': '150', '溅射': '0', '践踏': '1', '默认顺序': '2', '兵种': '战士'}",兽人督军,,314,军队
511,"{'类型': '敌人', '攻击': '25', '防御': '63', '溅射': '0', '践踏': '1', '默认顺序': '1', '兵种': '战士'}",兽人战士,,315,军队
512,"{'类型': '敌人', '攻击': '17', '防御': '48', '溅射': '0', '践踏': '0', '默认顺序': '1', '兵种': '肉盾'}",兽人工人,,316,军队
513,"{'类型': '敌人', '攻击': '3', '防御': '5', '溅射': '0', '践踏': '0', '默认顺序': '1', '兵种': '战士'}",掠夺者,,317,军队
514,"{'类型': '敌人', '攻击': '22', '防御': '10', '溅射': '0', '践踏': '0', '默认顺序': '1', '兵种': '骑兵'}",掠夺者,,318,军队
515,"{'类型': '敌人', '攻击': '2', '防御': '1', '溅射': '0', '践踏': '0', '默认顺序': '1', '兵种': '骑兵'}",饥饿的螃蟹,,319,军队
516,"{'类型': '敌人', '攻击': '280', '防御': '180', '溅射': '12', '践踏': '0', '默认顺序': '3', '兵种': '骑兵'}",红龙,,320,军队
517,"{'类型': '敌人', '攻击': '4', '防御': '4', '溅射': '0', '践踏': '0', '默认顺序': '1', '兵种': '骑兵'}",蛇,,321,军队
518,"{'类型': '敌人', '攻击': '3', '防御': '2', '溅射': '0', '践踏': '0', '默认顺序': '1', '兵种': '骑兵'}",蜘蛛,,322,军队
519,"{'类型': '敌人', '攻击': '26', '防御': '6', '溅射': '0', '践踏': '0', '默认顺序': '1', '兵种': '骑兵'}",恶灵妖精,,323,军队
520,"{'类型': '敌人', '攻击': '2', '防御': '2', '溅射': '0', '践踏': '0', '默认顺序': '1', '兵种': '肉盾'}",骷髅,,324,军队
521,"{'类型': '敌人', '攻击': '18', '防御': '22', '溅射': '0', '践踏': '0', '默认顺序': '1', '兵种': '战士'}",骷髅骑士,,325,军队
522,"{'类型': '敌人', '攻击': '76', '防御': '60', '溅射': '0', '践踏': '1', '默认顺序': '3', '兵种': '射手'}",骷髅脸,,326,军队
523,"{'类型': '敌人', '攻击': '22', '防御': '20', '溅射': '0', '践踏': '0', '默认顺序': '1', '兵种': '战士'}",阿塔玛之子,,327,军队
524,"{'类型': '敌人', '攻击': '54', '防御': '11', '溅射': '0', '践踏': '0', '默认顺序': '2', '兵种': '骑兵'}",邪孽,,328,军队
525,"{'类型': '敌人', '攻击': '5', '防御': '8', '溅射': '0', '践踏': '0', '默认顺序': '1', '兵种': '肉盾'}",记忆的幽灵,,329,军队
526,"{'类型': '敌人', '攻击': '37', '防御': '23', '溅射': '0', '践踏': '0', '默认顺序': '1', '兵种': '战士'}",魅魔,,330,军队
527,"{'类型': '敌人', '攻击': '1500', '防御': '1750', '溅射': '5', '践踏': '0', '默认顺序': '2', '兵种': '射手'}",魅魔女王,,331,军队
528,"{'类型': '敌人', '攻击': '900', '防御': '1400', '溅射': '0', '践踏': '1', '默认顺序': '1', '兵种': '肉盾'}",沼泽怪物,,332,军队
529,"{'类型': '敌人', '攻击': '1', '防御': '52000', '溅射': '40', '践踏': '0', '默认顺序': '1', '兵种': '战士'}",泰坦,,333,军队
530,"{'类型': '敌人', '攻击': '8', '防御': '41', '溅射': '0', '践踏': '0', '默认顺序': '1', '兵种': '肉盾'}",陷阱,,334,军队
531,"{'类型': '敌人', '攻击': '16', '防御': '28', '溅射': '0', '践踏': '1', '默认顺序': '1', '兵种': '肉盾'}",洞穴巨魔,,335,军队
532,"{'类型': '敌人', '攻击': '42', '防御': '56', '溅射': '0', '践踏': '1', '默认顺序': '1', '兵种': '战士'}",百战巨魔,,336,军队
533,"{'类型': '敌人', '攻击': '1750', '防御': '1200', '溅射': '0', '践踏': '1', '默认顺序': '1', '兵种': '骑兵'}",霸王龙,,337,军队
534,"{'类型': '敌人', '攻击': '80', '防御': '90', '溅射': '0', '践踏': '0', '默认顺序': '3', '兵种': '战士'}",吸血鬼,,338,军队
535,"{'类型': '敌人', '攻击': '2', '防御': '1', '溅射': '0', '践踏': '0', '默认顺序': '1', '兵种': '骑兵'}",吸血蝙蝠,,339,军队
536,"{'类型': '敌人', '攻击': '15', '防御': '32', '溅射': '0', '践踏': '0', '默认顺序': '1', '兵种': '肉盾'}",吸血鬼下仆,,340,军队
537,"{'类型': '敌人', '攻击': '37', '防御': '22', '溅射': '0', '践踏': '0', '默认顺序': '1', '兵种': '骑兵'}",迅猛龙,,341,军队
538,"{'类型': '敌人', '攻击': '22', '防御': '18', '溅射': '0', '践踏': '1', '默认顺序': '1', '兵种': '骑兵'}",座狼,,342,军队
539,"{'类型': '敌人', '攻击': '1150', '防御': '600', '溅射': '0', '践踏': '1', '默认顺序': '1', '兵种': '射手'}",狼人,,343,军队
540,"{'类型': '敌人', '攻击': '47', '防御': '39', '溅射': '0', '践踏': '0', '默认顺序': '1', '兵种': '战士'}",温迪戈,,344,军队
541,"{'类型': '敌人', '攻击': '22', '防御': '42', '溅射': '3', '践踏': '0', '默认顺序': '1', '兵种': '射手'}",风元素,,345,军队
542,"{'类型': '敌人', '攻击': '4', '防御': '4', '溅射': '0', '践踏': '0', '默认顺序': '1', '兵种': '骑兵'}",狼,,346,军队
543,"{'类型': '敌人', '攻击': '32', '防御': '28', '溅射': '0', '践踏': '1', '默认顺序': '2', '兵种': '骑兵'}",双足飞龙,,347,军队
544,"{'类型': '敌人', '攻击': '3', '防御': '3', '溅射': '0', '践踏': '0', '默认顺序': '1', '兵种': '肉盾'}",僵尸,,348,军队
545,"{'类型': '敌人', '攻击': '95', '防御': '128', '溅射': '2', '践踏': '0', '默认顺序': '1', '兵种': '射手'}",灰烬元素,,349,军队
546,"{'类型': '敌人', '攻击': '900', '防御': '2100', '溅射': '7', '践踏': '0', '默认顺序': '3', '兵种': '骑兵'}",“猩红灾厄”维戈洛斯,,350,军队
547,"{'类型': '敌人', '攻击': '2300', '防御': '500', '溅射': '9', '践踏': '0', '默认顺序': '3', '兵种': '战士'}",“焰缚者”阿兹拉西斯,,351,军队
548,{},成就数据,,1,成就
549,"{'稀有度': '传奇', '描述': '1次转生'}",到达1次里程碑,1_prestige,4,成就
550,"{'稀有度': '传奇', '描述': '5次转生'}",到达5次里程碑,5_prestige,5,成就
551,"{'稀有度': '传奇', '描述': '15次转生'}",到达15次里程碑,15_prestige,6,成就
552,"{'稀有度': '传奇', '描述': '30次转生'}",到达30次里程碑,30_prestige,7,成就
553,"{'稀有度': '传奇', '描述': '60次转生'}",到达60次里程碑,60_prestige,8,成就
554,"{'稀有度': '传奇', '描述': '120次转生'}",到达120次里程碑,120_prestige,9,成就
555,"{'稀有度': '传奇', '描述': '1次超转生'}",到达1次超里程碑,1_ng_reset,10,成就
556,"{'稀有度': '传奇', '描述': '5次超转生'}",到达5次超里程碑,5_ng_reset,13,成就
557,"{'稀有度': '传奇', '描述': '10次超转生'}",到达10次超里程碑,10_ng_reset,16,成就
558,"{'稀有度': '传奇', '描述': '20次超转生'}",到达20次超里程碑,20_ng_reset,19,成就
559,"{'稀有度': '传奇', '描述': '40次超转生'}",到达40次超里程碑,40_ng_reset,24,成就
560,"{'稀有度': '传奇', '描述': '80次超转生'}",到达80次超里程碑,80_ng_reset,27,成就
561,"{'稀有度': '传奇', '描述': '1次发射灭世终焉'}",核爆末日,1_annihilator,28,成就
562,"{'稀有度': '传奇', '描述': '5次发射灭世终焉'}",黑洞之力,5_annihilator,29,成就
563,"{'稀有度': '传奇', '描述': '15次发射灭世终焉'}",深渊炼狱,15_annihilator,30,成就
564,"{'稀有度': '传奇', '描述': '30次发射灭世终焉'}",星辰伟力,30_annihilator,31,成就
565,"{'稀有度': '史诗', '描述': '说服贵族'}",政治献金,persuade_nobility,32,成就
566,"{'稀有度': '稀有', '描述': '在困难难度下清理地狱之洞'}",驱逐恶魔,hell_hole_dif_1,34,成就
567,"{'稀有度': '史诗', '描述': '在无望难度下清理地狱之洞'}",毁灭恶魔,hell_hole_dif_2,36,成就
568,"{'稀有度': '传奇', '描述': '在神明难度下清理地狱之洞！'}",肃清恶魔,hell_hole_dif_3,38,成就
569,"{'稀有度': '稀有', '描述': '在困难难度下击败熊地精作战队'}",击败熊地精作战队,bugbear_war_party_dif_1,43,成就
570,"{'稀有度': '史诗', '描述': '在无望难度下击败熊地精作战队'}",摧毁熊地精作战队,bugbear_war_party_dif_2,45,成就
571,"{'稀有度': '传奇', '描述': '在神明难度下击败熊地精作战队！'}",剿灭熊地精作战队,bugbear_war_party_dif_3,47,成就
572,"{'稀有度': '稀有', '描述': '在困难难度下征服亡者要塞'}",征服亡者要塞,citadel_dead_dif_1,52,成就
573,"{'稀有度': '史诗', '描述': '在无望难度下征服亡者要塞'}",毁灭亡者要塞,citadel_dead_dif_2,54,成就
574,"{'稀有度': '传奇', '描述': '在神明难度下征服亡者要塞！'}",净化亡者要塞,citadel_dead_dif_3,56,成就
575,"{'稀有度': '稀有', '描述': '在困难难度下征服女恶魔城堡'}",征服女恶魔城堡,demoness_castle_dif_1,61,成就
576,"{'稀有度': '史诗', '描述': '在无望难度下摧毁女恶魔城堡'}",摧毁女恶魔城堡,demoness_castle_dif_2,63,成就
577,"{'稀有度': '传奇', '描述': '在神明难度下夷平女恶魔城堡！'}",夷平女恶魔城堡,demoness_castle_dif_3,65,成就
578,"{'稀有度': '传奇', '描述': '在困难难度下征服灾主'}",击败灾主,elder_dragon_dif_1,69,成就
579,"{'稀有度': '传奇', '描述': '在无望难度下摧毁灾主'}",绝无可能,elder_dragon_dif_2,70,成就
580,"{'稀有度': '传奇', '描述': '在神明难度下歼灭灾主！'}",不敢置信,elder_dragon_dif_3,71,成就
581,"{'稀有度': '稀有', '描述': '在困难难度下征服狼人之森'}",狼人伏诛,gloomy_werewolf_forest_dif_1,72,成就
582,"{'稀有度': '史诗', '描述': '在无望难度下征服狼人之森'}",银色子弹,gloomy_werewolf_forest_dif_2,74,成就
583,"{'稀有度': '传奇', '描述': '在神明难度下征服狼人之森！'}",银色子弹雨,gloomy_werewolf_forest_dif_3,76,成就
584,"{'稀有度': '稀有', '描述': '在困难难度下征服金矿'}",取得金矿,gold_mine_dif_1,81,成就
585,"{'稀有度': '史诗', '描述': '在无望难度下征服金矿'}",开采金矿,gold_mine_dif_2,83,成就
586,"{'稀有度': '传奇', '描述': '在神明难度下征服金矿！'}",掌控金矿,gold_mine_dif_3,85,成就
587,"{'稀有度': '稀有', '描述': '在困难难度下征服豺狼人营地'}",清理豺狼人营地,gnoll_camp_dif_1,90,成就
588,"{'稀有度': '史诗', '描述': '在无望难度下征服豺狼人营地'}",突袭豺狼人营地,gnoll_camp_dif_2,92,成就
589,"{'稀有度': '传奇', '描述': '在神明难度下征服豺狼人营地！'}",剿灭豺狼人营地,gnoll_camp_dif_3,94,成就
590,"{'稀有度': '稀有', '描述': '在困难难度下征服古鲁德·乌格顿城堡'}",清理古鲁德·乌格顿城堡,gulud_ugdun_dif_1,99,成就
591,"{'稀有度': '史诗', '描述': '在无望难度下征服古鲁德·乌格顿城堡'}",征服古鲁德·乌格顿城堡,gulud_ugdun_dif_2,101,成就
592,"{'稀有度': '传奇', '描述': '在神明难度下征服古鲁德·乌格顿城堡！'}",掌控古鲁德·乌格顿城堡,gulud_ugdun_dif_3,103,成就
593,"{'稀有度': '稀有', '描述': '在困难难度下征服山中之谷'}",探索山中之谷,mountain_valley_dif_1,108,成就
594,"{'稀有度': '史诗', '描述': '在无望难度下征服山中之谷'}",开发山中之谷,mountain_valley_dif_2,110,成就
595,"{'稀有度': '传奇', '描述': '在神明难度下征服山中之谷！'}",掌控山中之谷,mountain_valley_dif_3,112,成就
596,"{'稀有度': '稀有', '描述': '在困难难度下唤醒沉眠的泰坦'}",小睡一觉,sleeping_titan_dif_1,117,成就
597,"{'稀有度': '史诗', '描述': '在无望难度下唤醒沉眠的泰坦'}",唤醒沉眠的泰坦,sleeping_titan_dif_2,118,成就
598,"{'稀有度': '传奇', '描述': '在神明难度下唤醒沉眠的泰坦！'}",呼呼大睡,sleeping_titan_dif_3,119,成就
599,"{'稀有度': '稀有', '描述': '在困难难度下发现阿塔玛之子'}",发现阿塔玛之子,son_atamar_dif_1,121,成就
600,"{'稀有度': '史诗', '描述': '在无望难度下探秘阿塔玛之子'}",探秘阿塔玛之子,son_atamar_dif_2,123,成就
601,"{'稀有度': '传奇', '描述': '在神明难度下掌控阿塔玛之子！'}",掌控阿塔玛之子,son_atamar_dif_3,125,成就
602,"{'稀有度': '稀有', '描述': '在困难难度下探索魅魔黑暗图书馆'}",探索魅魔黑暗图书馆,succubus_library_dif_1,130,成就
603,"{'稀有度': '史诗', '描述': '在无望难度下研究魅魔黑暗图书馆'}",研究魅魔黑暗图书馆,succubus_library_dif_2,132,成就
604,"{'稀有度': '传奇', '描述': '在神明难度下掌控魅魔黑暗图书馆！'}",掌控魅魔黑暗图书馆,succubus_library_dif_3,134,成就
605,"{'稀有度': '稀有', '描述': '在困难难度下击败巨黄蜂群落'}",击败巨黄蜂群落,swarm_wasp_dif_1,139,成就
606,"{'稀有度': '史诗', '描述': '在无望难度下消灭巨黄蜂群落'}",消灭巨黄蜂群落,swarm_wasp_dif_2,141,成就
607,"{'稀有度': '传奇', '描述': '在神明难度下肃清巨黄蜂群落！'}",击落巨黄蜂女王,swarm_wasp_dif_3,143,成就
608,"{'稀有度': '稀有', '描述': '在困难难度下探索巨大洞穴'}",探索巨大洞穴,huge_cave_dif_1,148,成就
609,"{'稀有度': '史诗', '描述': '在无望难度下征服巨大洞穴'}",穿越巨大洞穴,huge_cave_dif_2,150,成就
610,"{'稀有度': '传奇', '描述': '在神明难度下征服巨大洞穴！'}",征服巨大洞穴,huge_cave_dif_3,152,成就
611,"{'稀有度': '稀有', '描述': '在困难难度下斩杀吸血鬼'}",斩杀吸血鬼,vampire_lair_dif_1,157,成就
612,"{'稀有度': '史诗', '描述': '在无望难度下摧毁吸血鬼老巢'}",摧毁吸血鬼老巢,vampire_lair_dif_2,159,成就
613,"{'稀有度': '传奇', '描述': '在神明难度下根除吸血鬼威胁！'}",根除吸血鬼威胁,vampire_lair_dif_3,161,成就
614,"{'稀有度': '稀有', '描述': '在困难难度下揭开遗忘避难所的秘密'}",遗忘避难所的秘密,forgotten_shelter_dif_1,166,成就
615,"{'稀有度': '史诗', '描述': '在无望难度下克服遗忘避难所的危难'}",自由之翼,forgotten_shelter_dif_2,168,成就
616,"{'稀有度': '传奇', '描述': '在神明难度下发现遗忘避难所背后的真相！'}",献出心脏！,forgotten_shelter_dif_3,170,成就
617,"{'稀有度': '稀有', '描述': '在困难难度下击败远古巨人'}",击败远古巨人,ancient_giant_dif_1,175,成就
618,"{'稀有度': '史诗', '描述': '在无望难度下制伏远古巨人'}",制伏远古巨人,ancient_giant_dif_2,177,成就
619,"{'稀有度': '传奇', '描述': '在神明难度下解决远古巨人！'}",解决远古巨人,ancient_giant_dif_3,179,成就
620,"{'稀有度': '稀有', '描述': '在困难难度下潜入骷髅脸营地'}",潜入骷髅脸营地,skullface_encampment_dif_1,182,成就
621,"{'稀有度': '史诗', '描述': '在无望难度下摧毁骷髅脸营地'}",摧毁骷髅脸营地,skullface_encampment_dif_2,184,成就
622,"{'稀有度': '传奇', '描述': '在神明难度下征服骷髅脸营地！'}",征服骷髅脸营地,skullface_encampment_dif_3,186,成就
623,"{'稀有度': '稀有', '描述': '在困难难度下穿过牛头怪迷宫'}",穿过牛头怪迷宫,minotaur_maze_dif_1,190,成就
624,"{'稀有度': '史诗', '描述': '在无望难度下征服牛头怪迷宫'}",征服牛头怪迷宫,minotaur_maze_dif_2,192,成就
625,"{'稀有度': '传奇', '描述': '在神明难度下掌控牛头怪迷宫！'}",掌控牛头怪迷宫,minotaur_maze_dif_3,194,成就
626,"{'稀有度': '稀有', '描述': '在困难难度下探索玛卡纳特森林'}",探索玛卡纳特森林,markanat_forest_dif_1,198,成就
627,"{'稀有度': '史诗', '描述': '在无望难度下穿越玛卡纳特森林'}",穿越玛卡纳特森林,markanat_forest_dif_2,200,成就
628,"{'稀有度': '传奇', '描述': '在神明难度下征服玛卡纳特森林！'}",玛卡纳特伏诛,markanat_forest_dif_3,202,成就
629,"{'稀有度': '稀有', '描述': '在困难难度下征服多头蛇之坑'}",征服多头蛇之坑,hydra_pit_dif_1,206,成就
630,"{'稀有度': '史诗', '描述': '在无望难度下击败远古多头蛇'}",击败远古多头蛇,hydra_pit_dif_2,208,成就
631,"{'稀有度': '传奇', '描述': '在神明难度下斩杀传说中的多头蛇！'}",斩杀传说中的多头蛇,hydra_pit_dif_3,210,成就
632,"{'稀有度': '稀有', '描述': '在困难难度下挑战淘气鬼酋长'}",挑战淘气鬼酋长,hobgoblin_chieftain_dif_1,215,成就
633,"{'稀有度': '史诗', '描述': '在无望难度下击败淘气鬼酋长'}",击败淘气鬼酋长,hobgoblin_chieftain_dif_2,217,成就
634,"{'稀有度': '传奇', '描述': '在神明难度下打倒淘气鬼酋长！'}",打倒淘气鬼酋长,hobgoblin_chieftain_dif_3,219,成就
635,"{'稀有度': '稀有', '描述': '在困难难度下探索蛇发女妖巢穴'}",探索蛇发女妖巢穴,gorgon_cave_dif_1,224,成就
636,"{'稀有度': '史诗', '描述': '在无望难度下通过蛇发女妖巢穴'}",通过蛇发女妖巢穴,gorgon_cave_dif_2,226,成就
637,"{'稀有度': '传奇', '描述': '在神明难度下征服蛇发女妖巢穴！'}",征服蛇发女妖巢穴,gorgon_cave_dif_3,228,成就
638,"{'稀有度': '史诗', '描述': '赢得民心'}",人民的拥戴,loved_people,233,成就
639,"{'稀有度': '普通', '描述': '从月明之夜中生还'}",粉碎地精,army_of_goblin,236,成就
640,"{'稀有度': '普通', '描述': '从容易难度的月明之夜中生还'}",在容易难度下粉碎地精！,army_of_goblin_dif_99,238,成就
641,"{'稀有度': '稀有', '描述': '从困难难度的月明之夜中生还'}",在困难难度下粉碎地精！,army_of_goblin_dif_1,239,成就
642,"{'稀有度': '史诗', '描述': '从无望难度的月明之夜中生还'}",在无望难度下粉碎地精！,army_of_goblin_dif_2,242,成就
643,"{'稀有度': '传奇', '描述': '从神明难度的月明之夜中生还'}",在神明难度下粉碎地精！,army_of_goblin_dif_3,246,成就
644,"{'稀有度': '普通', '描述': '从巨龙袭击中生还'}",击退巨龙,army_of_dragon,252,成就
645,"{'稀有度': '普通', '描述': '从容易难度的巨龙袭击中生还'}",在容易难度下击退巨龙！,army_of_dragon_dif_99,254,成就
646,"{'稀有度': '稀有', '描述': '从困难难度的巨龙袭击中生还'}",在困难难度下击退巨龙！,army_of_dragon_dif_1,255,成就
647,"{'稀有度': '史诗', '描述': '从无望难度的巨龙袭击中生还'}",在无望难度下击退巨龙！,army_of_dragon_dif_2,258,成就
648,"{'稀有度': '传奇', '描述': '从神明难度的巨龙袭击中生还'}",在神明难度下击退巨龙！,army_of_dragon_dif_3,263,成就
649,"{'稀有度': '普通', '描述': '从德鲁伊的背叛中生还'}",信任德鲁伊,fallen_angel_army_1,268,成就
650,"{'稀有度': '普通', '描述': '从容易难度德鲁伊的背叛中生还'}",在容易难度下信任德鲁伊！,fallen_angel_army_1_dif_99,270,成就
651,"{'稀有度': '稀有', '描述': '从困难难度德鲁伊的背叛中生还'}",在困难难度下信任德鲁伊！,fallen_angel_army_1_dif_1,271,成就
652,"{'稀有度': '史诗', '描述': '从无望难度德鲁伊的背叛中生还'}",在无望难度下信任德鲁伊！,fallen_angel_army_1_dif_2,274,成就
653,"{'稀有度': '传奇', '描述': '从神明难度德鲁伊的背叛中生还'}",在神明难度下信任德鲁伊！,fallen_angel_army_1_dif_3,278,成就
654,"{'稀有度': '普通', '描述': '从堕天使的攻击下生还'}",遗世独立,fallen_angel_army_2,283,成就
655,"{'稀有度': '普通', '描述': '从容易难度堕天使的攻击下生还'}",在容易难度下遗世独立！,fallen_angel_army_2_dif_99,285,成就
656,"{'稀有度': '稀有', '描述': '从困难难度堕天使的攻击下生还'}",在困难难度下遗世独立！,fallen_angel_army_2_dif_1,286,成就
657,"{'稀有度': '史诗', '描述': '从无望难度堕天使的攻击下生还'}",在无望难度下遗世独立！,fallen_angel_army_2_dif_2,289,成就
658,"{'稀有度': '传奇', '描述': '从神明难度堕天使的攻击下生还'}",在神明难度下遗世独立！,fallen_angel_army_2_dif_3,293,成就
659,"{'稀有度': '普通', '描述': '从兽人部落的攻击下生还'}",成为人类最后的防线,orc_horde_boss,298,成就
660,"{'稀有度': '普通', '描述': '从容易难度兽人部落的攻击下生还'}",在容易难度下成为人类最后的防线！,orc_horde_boss_dif_99,300,成就
661,"{'稀有度': '稀有', '描述': '从困难难度兽人部落的攻击下生还'}",在困难难度下成为人类最后的防线！,orc_horde_boss_dif_1,301,成就
662,"{'稀有度': '史诗', '描述': '从无望难度兽人部落的攻击下生还'}",在无望难度下成为人类最后的防线！,orc_horde_boss_dif_2,303,成就
663,"{'稀有度': '传奇', '描述': '从神明难度兽人部落的攻击下生还'}",在神明难度下成为人类最后的防线！,orc_horde_boss_dif_3,307,成就
664,"{'稀有度': '普通', '描述': '从无智之恶的攻击下生还'}",歼灭深渊之主,mindless_evil_boss,313,成就
665,"{'稀有度': '普通', '描述': '从简单难度无智之恶的攻击下生还'}",在简单难度下碾碎无智之恶！,mindless_evil_boss_dif_99,315,成就
666,"{'稀有度': '稀有', '描述': '从困难难度无智之恶的攻击下生还'}",在困难难度下碾碎无智之恶！,mindless_evil_boss_dif_1,316,成就
667,"{'稀有度': '史诗', '描述': '从无望难度无智之恶的攻击下生还'}",在无望难度下碾碎无智之恶！,mindless_evil_boss_dif_2,318,成就
668,"{'稀有度': '传奇', '描述': '从神明难度无智之恶的攻击下生还'}",在神明难度下碾碎无智之恶！,mindless_evil_boss_dif_3,322,成就
669,"{'稀有度': '传奇', '描述': '凯旋门'}",筚路蓝缕,arch_triumph,328,成就
670,"{'稀有度': '史诗', '描述': '建造市中心'}",城市更好了,city_center,329,成就
671,"{'稀有度': '史诗', '描述': '建造大教堂'}",圣地,cathedral,332,成就
672,"{'稀有度': '史诗', '描述': '建造超大集市'}",来吧先生们,great_fair,335,成就
673,"{'稀有度': '史诗', '描述': '自由思想家学院'}",自由思想家学院已组合,academy_of_freethinkers,338,成就
674,"{'稀有度': '史诗', '描述': '自动化联合体'}",哔哔哔,automated_complex,340,成就
675,"{'稀有度': '史诗', '描述': '光之城'}",光之城,city_lights,344,成就
676,"{'稀有度': '传奇', '描述': '磐石堡垒'}",永不陷落,fortified_citadel,347,成就
677,"{'稀有度': '史诗', '描述': '海湾区'}",航海,harbor_district,349,成就
678,"{'稀有度': '传奇', '描述': '应许之地'}",信仰的堡垒！,holy_site,352,成就
679,"{'稀有度': '史诗', '描述': '灵魂图书馆'}",禁忌知识,library_souls,355,成就
680,"{'稀有度': '史诗', '描述': '法力深井'}",充满法力的深洞,mana_pit,357,成就
681,"{'稀有度': '史诗', '描述': '难民区'}",帮助难民,refugee_district,360,成就
682,"{'稀有度': '传奇', '描述': '美德雕像'}",人类的美德,statue_virtue,364,成就
683,"{'稀有度': '史诗', '描述': '证券交易所'}",高买低卖,stock_exchange,369,成就
684,"{'稀有度': '史诗', '描述': '法力之塔'}",力量咒语已组合,tower_mana,371,成就
685,"{'稀有度': '史诗', '描述': '建造超级大炮'}",超级大炮,great_bombard,373,成就
686,"{'稀有度': '稀有', '描述': '建造栅栏'}",良好的防御工事,palisade,376,成就
687,"{'稀有度': '稀有', '描述': '建造城墙'}",更好的防御工事,wall,378,成就
688,"{'稀有度': '稀有', '描述': '4个弩炮'}",大弩,4_ballista,380,成就
689,"{'稀有度': '稀有', '描述': '8个雷区'}",安全的城市,8_minefield,382,成就
690,"{'稀有度': '稀有', '描述': '4个钠红石气球'}",空中瞭望台,4_natronite_baloon,383,成就
691,"{'稀有度': '稀有', '描述': '8个魔法塔'}",塔防,8_magical_tower,385,成就
692,"{'稀有度': '稀有', '描述': '8个守望者前哨'}",哨兵网络,8_watchman_outpost,387,成就
693,"{'稀有度': '普通', '描述': '5个普通房屋'}",小村落,5_common_house,389,成就
694,"{'稀有度': '普通', '描述': '15个普通房屋'}",村庄扩张,15_common_house,390,成就
695,"{'稀有度': '稀有', '描述': '30个普通房屋'}",不只是村庄了,30_common_house,391,成就
696,"{'稀有度': '普通', '描述': '5个炼金联合体'}",新世界的炼金术,5_alchemist_complex,392,成就
697,"{'稀有度': '稀有', '描述': '15个炼金联合体'}",产生硝石,15_alchemist_complex,393,成就
698,"{'稀有度': '史诗', '描述': '25个炼金联合体'}",金玉满堂,25_alchemist_complex,394,成就
699,"{'稀有度': '普通', '描述': '5个工匠联合体'}",开发定居点,5_artisans_complex,395,成就
700,"{'稀有度': '稀有', '描述': '15个工匠联合体'}",开发新世界,15_artisans_complex,398,成就
701,"{'稀有度': '史诗', '描述': '25个工匠联合体'}",大量原材料,25_artisans_complex,401,成就
702,"{'稀有度': '普通', '描述': '5个建筑工联合体'}",定居点之建筑工,5_builders_complex,404,成就
703,"{'稀有度': '稀有', '描述': '15个建筑工联合体'}",定居点之辛勤建筑工,15_builders_complex,406,成就
704,"{'稀有度': '史诗', '描述': '25个建筑工联合体'}",定居点之史诗建筑工,25_builders_complex,408,成就
705,"{'稀有度': '普通', '描述': '5个市政厅'}",行政中心,5_city_hall,410,成就
706,"{'稀有度': '普通', '描述': '15个市政厅'}",官僚中心,15_city_hall,411,成就
707,"{'稀有度': '稀有', '描述': '25个市政厅'}",管理妥善的城市,25_city_hall,412,成就
708,"{'稀有度': '普通', '描述': '5个宅邸'}",封建传统,5_mansion,413,成就
709,"{'稀有度': '普通', '描述': '15个宅邸'}",城市的郊区,15_mansion,414,成就
710,"{'稀有度': '稀有', '描述': '25个宅邸'}",历史中心,25_mansion,415,成就
711,"{'稀有度': '普通', '描述': '5个住宅区'}",在建城市,5_residential_block,416,成就
712,"{'稀有度': '普通', '描述': '15个住宅区'}",伟大城市,15_residential_block,418,成就
713,"{'稀有度': '稀有', '描述': '25个住宅区'}",大都市,25_residential_block,420,成就
714,"{'稀有度': '普通', '描述': '5个伊甸园'}",伊甸乐园,5_gan_eden,422,成就
715,"{'稀有度': '普通', '描述': '15个伊甸园'}",众神花园,15_gan_eden,423,成就
716,"{'稀有度': '稀有', '描述': '25个伊甸园'}",登攀者世界的天堂,25_gan_eden,424,成就
717,"{'稀有度': '普通', '描述': '5个定居点大厅'}",建造定居点,5_colony_hall,425,成就
718,"{'稀有度': '稀有', '描述': '10个定居点大厅'}",发展定居点,10_colony_hall,428,成就
719,"{'稀有度': '史诗', '描述': '15个定居点大厅'}",掌控定居点,15_colony_hall,431,成就
720,"{'稀有度': '稀有', '描述': '5个精灵营地'}",精灵之友,5_elf_encampment,434,成就
721,"{'稀有度': '稀有', '描述': '10个精灵营地'}",精灵行家,10_elf_encampment,436,成就
722,"{'稀有度': '稀有', '描述': '5个精灵村庄'}",尖尖的耳朵,5_elf_village,438,成就
723,"{'稀有度': '稀有', '描述': '10个精灵村庄'}",登攀者世界原住民,10_elf_village,440,成就
724,"{'稀有度': '普通', '描述': '5个农场'}",种草的乐趣,5_farm,442,成就
725,"{'稀有度': '普通', '描述': '15个农场'}",农业中心,15_farm,443,成就
726,"{'稀有度': '稀有', '描述': '30个农场'}",农业之城,30_farm,444,成就
727,"{'稀有度': '普通', '描述': '5个粮仓'}",猎杀老鼠,5_granary,445,成就
728,"{'稀有度': '普通', '描述': '15个粮仓'}",大粮仓,15_granary,446,成就
729,"{'稀有度': '稀有', '描述': '25个粮仓'}",巨粮仓,25_granary,447,成就
730,"{'稀有度': '稀有', '描述': '5个丰饶之谷'}",扔个硬币,5_valley_of_plenty,448,成就
731,"{'稀有度': '稀有', '描述': '10个攻城机器厂'}",建造攻城机器,10_siege_workshop,450,成就
732,"{'稀有度': '稀有', '描述': '10个炮兵靶场'}",准备，开火！,10_artillery_firing,451,成就
733,"{'稀有度': '普通', '描述': '5个伐木工营地'}",一棵又一棵,5_lumberjack_camp,452,成就
734,"{'稀有度': '普通', '描述': '15个伐木工营地'}",伐木热情,15_lumberjack_camp,453,成就
735,"{'稀有度': '稀有', '描述': '30个伐木工营地'}",伐木奉献,30_lumberjack_camp,454,成就
736,"{'稀有度': '普通', '描述': '5个采石场'}",背痛增加,5_quarry,455,成就
737,"{'稀有度': '普通', '描述': '15个采石场'}",石头分队,15_quarry,456,成就
738,"{'稀有度': '稀有', '描述': '30个采石场'}",石头之军,30_quarry,457,成就
739,"{'稀有度': '普通', '描述': '5个工匠作坊'}",给锅塑形,5_artisan_workshop,458,成就
740,"{'稀有度': '稀有', '描述': '15个工匠作坊'}",手工业区,15_artisan_workshop,460,成就
741,"{'稀有度': '稀有', '描述': '30个工匠作坊'}",手工业城,30_artisan_workshop,462,成就
742,"{'稀有度': '普通', '描述': '5个矿井'}",往下挖掘,5_mine,464,成就
743,"{'稀有度': '稀有', '描述': '15个矿井'}",保持专注,15_mine,466,成就
744,"{'稀有度': '史诗', '描述': '30个矿井'}",采矿之城,30_mine,468,成就
745,"{'稀有度': '普通', '描述': '5个建筑工区域'}",建筑工的援助,5_builder_district,470,成就
746,"{'稀有度': '普通', '描述': '15个建筑工区域'}",建筑工之城,15_builder_district,472,成就
747,"{'稀有度': '稀有', '描述': '25个建筑工区域'}",登攀者世界的建筑工,25_builder_district,474,成就
748,"{'稀有度': '普通', '描述': '5个工业厂房'}",工业枢纽,5_industrial_plant,476,成就
749,"{'稀有度': '普通', '描述': '15个工业厂房'}",工业区,15_industrial_plant,480,成就
750,"{'稀有度': '稀有', '描述': '25个工业厂房'}",工业之城,25_industrial_plant,484,成就
751,"{'稀有度': '普通', '描述': '5个钠红石精炼厂'}",钠红石生产,5_natronite_refinery,488,成就
752,"{'稀有度': '普通', '描述': '15个钠红石精炼厂'}",钠红石之城,15_natronite_refinery,489,成就
753,"{'稀有度': '稀有', '描述': '25个钠红石精炼厂'}",无望级钠红石,25_natronite_refinery,490,成就
754,"{'稀有度': '普通', '描述': '5个学校'}",科学启蒙,5_school,491,成就
755,"{'稀有度': '稀有', '描述': '15个学校'}",学习登攀者世界,15_school,492,成就
756,"{'稀有度': '史诗', '描述': '30个学校'}",掌握登攀者世界,30_school,493,成就
757,"{'稀有度': '普通', '描述': '5个研究工厂'}",研究登攀者世界,5_research_plant,494,成就
758,"{'稀有度': '稀有', '描述': '15个研究工厂'}",没有更多秘密了,15_research_plant,495,成就
759,"{'稀有度': '史诗', '描述': '25个研究工厂'}",登攀者世界了然于心,25_research_plant,496,成就
760,"{'稀有度': '稀有', '描述': '5个天文台'}",星游记,5_observatory,497,成就
761,"{'稀有度': '史诗', '描述': '15个天文台'}",研究的新高度,15_observatory,498,成就
762,"{'稀有度': '稀有', '描述': '5个工厂'}",装配线,5_factory,499,成就
763,"{'稀有度': '稀有', '描述': '15个工厂'}",蓝领工人,15_factory,501,成就
764,"{'稀有度': '稀有', '描述': '5个物流中心'}",兜售货物,5_logistic_center,503,成就
765,"{'稀有度': '稀有', '描述': '15个物流中心'}",物流配送中心,15_logistic_center,505,成就
766,"{'稀有度': '稀有', '描述': '5个法力反应堆'}",不稳定的反应堆,5_mana_reactor,507,成就
767,"{'稀有度': '稀有', '描述': '10个法力反应堆'}",法力能量！,10_mana_reactor,509,成就
768,"{'稀有度': '稀有', '描述': '5个发展部'}",首个部委,5_ministry_development,511,成就
769,"{'稀有度': '稀有', '描述': '15个发展部'}",国家的发展,15_ministry_development,513,成就
770,"{'稀有度': '稀有', '描述': '5个火车站'}",铁路,5_railway_station,515,成就
771,"{'稀有度': '稀有', '描述': '15个火车站'}",蒸汽引擎,15_railway_station,516,成就
772,"{'稀有度': '普通', '描述': '5个棚屋'}",能正常运转的棚屋,5_shed,517,成就
773,"{'稀有度': '稀有', '描述': '15个棚屋'}",定居点中拥有大量空间,15_shed,521,成就
774,"{'稀有度': '史诗', '描述': '30个棚屋'}",整个定居点的空间,30_shed,525,成就
775,"{'稀有度': '普通', '描述': '5个大型棚屋'}",上限之战,5_large_shed,529,成就
776,"{'稀有度': '稀有', '描述': '15个大型棚屋'}",战斗白热化,15_large_shed,534,成就
777,"{'稀有度': '史诗', '描述': '25个大型棚屋'}",我们赢了吗？,25_large_shed,539,成就
778,"{'稀有度': '普通', '描述': '5个储物间'}",有效的储物间,5_store,544,成就
779,"{'稀有度': '稀有', '描述': '15个储物间'}",许多空间,15_store,548,成就
780,"{'稀有度': '史诗', '描述': '30个储物间'}",一城的空间,30_store,552,成就
781,"{'稀有度': '普通', '描述': '5个马厩'}",小马,5_stable,556,成就
782,"{'稀有度': '稀有', '描述': '15个马厩'}",更多马,15_stable,558,成就
783,"{'稀有度': '史诗', '描述': '30个马厩'}",大赛马,30_stable,560,成就
784,"{'稀有度': '普通', '描述': '5个市场'}",为了一些钱币,5_marketplace,562,成就
785,"{'稀有度': '稀有', '描述': '15个市场'}",为了一袋黄金,15_marketplace,563,成就
786,"{'稀有度': '史诗', '描述': '30个市场'}",为了三十袋黄金,30_marketplace,564,成就
787,"{'稀有度': '稀有', '描述': '5个银行'}",向着经济上的转生,5_bank,565,成就
788,"{'稀有度': '史诗', '描述': '15个银行'}",垄断,15_bank,566,成就
789,"{'稀有度': '稀有', '描述': '5个信用社'}",赚钱的新方法,5_credit_union,567,成就
790,"{'稀有度': '史诗', '描述': '15个信用社'}",赚大钱,15_credit_union,568,成就
791,"{'稀有度': '普通', '描述': '5个寺庙'}",听到了祈祷,5_temple,569,成就
792,"{'稀有度': '稀有', '描述': '15个寺庙'}",取悦神明,15_temple,570,成就
793,"{'稀有度': '普通', '描述': '5个秘密会议'}",圣职者聚集的地方,5_conclave,571,成就
794,"{'稀有度': '稀有', '描述': '15个秘密会议'}",宗教之城,15_conclave,572,成就
795,"{'稀有度': '普通', '描述': '5个魔法环'}",法力流,5_magic_circle,573,成就
796,"{'稀有度': '稀有', '描述': '15个魔法环'}",法力河,15_magic_circle,574,成就
797,"{'稀有度': '普通', '描述': '5个献祭圣坛'}",神圣屠杀,5_altar_of_sacrifices,575,成就
798,"{'稀有度': '稀有', '描述': '15个献祭圣坛'}",阿兹特克净化,15_altar_of_sacrifices,577,成就
799,"{'稀有度': '普通', '描述': '5个精神花园'}",静谧之地,5_spiritual_garden,579,成就
800,"{'稀有度': '稀有', '描述': '15个精神花园'}",冥想,15_spiritual_garden,581,成就
801,"{'稀有度': '普通', '描述': '5个好运之森'}",一点运气,5_fortune_grove,583,成就
802,"{'稀有度': '稀有', '描述': '15个好运之森'}",很多运气,15_fortune_grove,584,成就
803,"{'稀有度': '普通', '描述': '5个物质转化器'}",玩弄物质,5_matter_transmuter,585,成就
804,"{'稀有度': '稀有', '描述': '15个物质转化器'}",物质之主,15_matter_transmuter,590,成就
805,"{'稀有度': '普通', '描述': '5个封地'}",封建主义,5_fiefdom,595,成就
806,"{'稀有度': '稀有', '描述': '15个封地'}",封建与自由,15_fiefdom,598,成就
807,"{'稀有度': '普通', '描述': '5个铸造厂'}",热锻造,5_foundry,601,成就
808,"{'稀有度': '稀有', '描述': '15个铸造厂'}",融化之城,15_foundry,604,成就
809,"{'稀有度': '普通', '描述': '5个木匠工坊'}",建筑原料,5_carpenter_workshop,607,成就
810,"{'稀有度': '稀有', '描述': '15个木匠工坊'}",建造城市,15_carpenter_workshop,608,成就
811,"{'稀有度': '普通', '描述': '5个食品杂货店'}",当地购物中心,5_grocery,609,成就
812,"{'稀有度': '稀有', '描述': '15个食品杂货店'}",区域购物中心,15_grocery,610,成就
813,"{'稀有度': '普通', '描述': '5个钢铁厂'}",加工钢铁,5_steelworks,611,成就
814,"{'稀有度': '稀有', '描述': '15个钢铁厂'}",努力加工钢铁,15_steelworks,612,成就
815,"{'稀有度': '普通', '描述': '5个大学'}",调查登攀者世界,5_university,613,成就
816,"{'稀有度': '稀有', '描述': '15个大学'}",登攀者世界毕业,15_university,614,成就
817,"{'稀有度': '稀有', '描述': '5个炼金实验室'}",疯狂科学家,5_alchemic_laboratory,615,成就
818,"{'稀有度': '史诗', '描述': '15个炼金实验室'}",点金之手,15_alchemic_laboratory,620,成就
819,"{'稀有度': '稀有', '描述': '5个大型库房'}",终于多了一点空间,5_large_warehouse,625,成就
820,"{'稀有度': '史诗', '描述': '15个大型库房'}",终于多了不少空间,15_large_warehouse,630,成就
821,"{'稀有度': '稀有', '描述': '5个存储设施'}",去除上限,5_storage_facility,635,成就
822,"{'稀有度': '史诗', '描述': '15个存储设施'}",超大的空间,15_storage_facility,640,成就
823,"{'稀有度': '稀有', '描述': '5个有人值守仓库'}",有人值守,5_guarded_storehouse,645,成就
824,"{'稀有度': '史诗', '描述': '15个有人值守仓库'}",更多人值守,15_guarded_storehouse,650,成就
825,"{'稀有度': '稀有', '描述': '5个大型仓库'}",我的宝库,5_guarded_facility,655,成就
826,"{'稀有度': '史诗', '描述': '15个大型仓库'}",调查材料,15_guarded_facility,660,成就
827,"{'稀有度': '稀有', '描述': '5个钠红石仓库'}",钠红石材料,5_natronite_depot,665,成就
828,"{'稀有度': '史诗', '描述': '15个钠红石仓库'}",大量存储钠红石,15_natronite_depot,666,成就
829,"{'稀有度': '稀有', '描述': '5个军事学院'}",军官,5_military_academy,667,成就
830,"{'稀有度': '史诗', '描述': '15个军事学院'}",高级军官,15_military_academy,668,成就
831,"{'稀有度': '稀有', '描述': '5个军官训练场'}",指导军官,5_officer_training_ground,669,成就
832,"{'稀有度': '普通', '描述': '5个兵营'}",歌声嘹亮,5_barracks,670,成就
833,"{'稀有度': '稀有', '描述': '15个兵营'}",歌声四起,15_barracks,671,成就
834,"{'稀有度': '史诗', '描述': '30个兵营'}",军事之城,30_barracks,672,成就
835,"{'稀有度': '稀有', '描述': '5个新兵训练中心'}",训练新兵,5_recruit_training_center,673,成就
836,"{'稀有度': '普通', '描述': '5个战壕'}",世界大战,5_trench,674,成就
837,"{'稀有度': '稀有', '描述': '15个战壕'}",西部战线,15_trench,675,成就
838,"{'稀有度': '史诗', '描述': '25个战壕'}",索姆河战役,25_trench,676,成就
839,"{'稀有度': '普通', '描述': '5个光之信标'}",深渊中的光明,5_beacon_light,677,成就
840,"{'稀有度': '稀有', '描述': '10个光之信标'}",与黑暗战斗,10_beacon_light,680,成就
841,"{'稀有度': '史诗', '描述': '15个光之信标'}",充满光明的前哨,15_beacon_light,683,成就
842,"{'稀有度': '普通', '描述': '5个地下房屋'}",深渊庇护所,5_underground_house,686,成就
843,"{'稀有度': '稀有', '描述': '10个地下房屋'}",深渊庇护所,10_underground_house,688,成就
844,"{'稀有度': '史诗', '描述': '15个地下房屋'}",深渊庇护所,15_underground_house,690,成就
845,"{'稀有度': '普通', '描述': '5个集结区域'}",丰富的深渊资源,5_gathering_area,692,成就
846,"{'稀有度': '稀有', '描述': '10个集结区域'}",充足的深渊资源,10_gathering_area,694,成就
847,"{'稀有度': '史诗', '描述': '15个集结区域'}",充盈的深渊资源,15_gathering_area,696,成就
848,"{'稀有度': '普通', '描述': '5个采矿区'}",深渊开采,5_mining_area,698,成就
849,"{'稀有度': '稀有', '描述': '10个采矿区'}",深渊开发,10_mining_area,700,成就
850,"{'稀有度': '史诗', '描述': '15个采矿区'}",深渊枯竭,15_mining_area,702,成就
851,"{'稀有度': '普通', '描述': '5个辉烬精炼厂'}",精炼珍贵的辉烬,5_lumix_refinery,704,成就
852,"{'稀有度': '稀有', '描述': '10个辉烬精炼厂'}",更珍贵的辉烬,10_lumix_refinery,705,成就
853,"{'稀有度': '史诗', '描述': '15个辉烬精炼厂'}",大量珍贵的辉烬,15_lumix_refinery,706,成就
854,"{'稀有度': '普通', '描述': '5个奥术学校'}",研究深渊,5_arcane_school,707,成就
855,"{'稀有度': '稀有', '描述': '10个奥术学校'}",精研深渊,10_arcane_school,708,成就
856,"{'稀有度': '史诗', '描述': '15个奥术学校'}",掌控深渊,15_arcane_school,709,成就
857,"{'稀有度': '普通', '描述': '5个深渊前哨'}",深渊之军队,5_abyss_outpost,710,成就
858,"{'稀有度': '稀有', '描述': '10个深渊前哨'}",深渊之大军,10_abyss_outpost,711,成就
859,"{'稀有度': '史诗', '描述': '15个深渊前哨'}",深渊之雄兵,15_abyss_outpost,712,成就
860,"{'稀有度': '普通', '描述': '5个光明炮塔'}",不惧黑暗,5_light_turret,713,成就
861,"{'稀有度': '稀有', '描述': '10个光明炮塔'}",光辉防线,10_light_turret,714,成就
862,"{'稀有度': '史诗', '描述': '15个光明炮塔'}",深渊启明,15_light_turret,715,成就
863,"{'稀有度': '普通', '描述': '5个探测系统'}",探察深渊,5_probe_system,716,成就
864,"{'稀有度': '稀有', '描述': '10个探测系统'}",深渊高科技,10_probe_system,717,成就
865,"{'稀有度': '史诗', '描述': '12个探测系统'}",探测器网络,12_probe_system,719,成就
866,"{'稀有度': '普通', '描述': '5个佣兵营地'}",幸运援助,5_mercenary_camp,721,成就
867,"{'稀有度': '稀有', '描述': '10个佣兵营地'}",这些佣兵到底有没有用？,10_mercenary_camp,724,成就
868,"{'稀有度': '史诗', '描述': '15个佣兵营地'}",佣兵精锐,15_mercenary_camp,727,成就
869,"{'稀有度': '普通', '描述': '5个强化兵营'}",淬炼精兵,5_enhanced_barracks,730,成就
870,"{'稀有度': '稀有', '描述': '10个强化兵营'}",深渊中的新武器,10_enhanced_barracks,733,成就
871,"{'稀有度': '史诗', '描述': '15个强化兵营'}",全副武装,15_enhanced_barracks,736,成就
872,"{'稀有度': '普通', '描述': '5个法力电池'}",补充法力,5_mana_battery,739,成就
873,"{'稀有度': '稀有', '描述': '10个法力电池'}",满溢的法力,10_mana_battery,740,成就
874,"{'稀有度': '史诗', '描述': '15个法力电池'}",法力惠及众生,15_mana_battery,741,成就
875,"{'稀有度': '普通', '描述': '5个地下储物间'}",地下仓库,5_underground_store,742,成就
876,"{'稀有度': '稀有', '描述': '10个地下储物间'}",挖掘空间,10_underground_store,747,成就
877,"{'稀有度': '史诗', '描述': '15个地下储物间'}",深渊中的储量上限之战,15_underground_store,752,成就
878,"{'稀有度': '普通', '描述': '5个精灵城镇'}",让精灵再次伟大,5_elf_town,757,成就
879,"{'稀有度': '稀有', '描述': '10个精灵城镇'}",精灵之城,10_elf_town,761,成就
880,"{'稀有度': '史诗', '描述': '15个精灵城镇'}",精灵之都,15_elf_town,765,成就
881,"{'稀有度': '普通', '描述': '5个钢厂'}",熔铁,5_steel_mills_b,769,成就
882,"{'稀有度': '稀有', '描述': '10个钢厂'}",新世界的钢厂,10_steel_mills_b,770,成就
883,"{'稀有度': '史诗', '描述': '15个钢厂'}",钢铁定居点,15_steel_mills_b,771,成就
884,"{'稀有度': '普通', '描述': '5个水晶培育场'}",培育水晶,5_crystal_farm_b,772,成就
885,"{'稀有度': '稀有', '描述': '10个水晶培育场'}",新世界中的更多水晶,10_crystal_farm_b,773,成就
886,"{'稀有度': '史诗', '描述': '15个水晶培育场'}",水晶核心,15_crystal_farm_b,774,成就
887,"{'稀有度': '普通', '描述': '5个辉烬工厂'}",新资源,5_lumix_plant,775,成就
888,"{'稀有度': '稀有', '描述': '10个辉烬工厂'}",关注创新,10_lumix_plant,776,成就
889,"{'稀有度': '史诗', '描述': '15个辉烬工厂'}",深渊辉烬,15_lumix_plant,777,成就
890,"{'稀有度': '普通', '描述': '5个粗放耕作场'}",开垦新世界,5_extensive_cultivation_b,778,成就
891,"{'稀有度': '稀有', '描述': '10个粗放耕作场'}",仓廪丰实,10_extensive_cultivation_b,779,成就
892,"{'稀有度': '史诗', '描述': '15个粗放耕作场'}",屯聚雄师,15_extensive_cultivation_b,780,成就
893,"{'稀有度': '普通', '描述': '5个金融中心'}",终极印钞机,5_financial_center,781,成就
894,"{'稀有度': '稀有', '描述': '10个金融中心'}",财务自由,10_financial_center,782,成就
895,"{'稀有度': '史诗', '描述': '15个金融中心'}",经纪人,15_financial_center,783,成就
896,"{'稀有度': '普通', '描述': '5个法力制造器'}",产生法力,5_mana_maker_b,784,成就
897,"{'稀有度': '稀有', '描述': '10个法力制造器'}",法力工业,10_mana_maker_b,785,成就
898,"{'稀有度': '史诗', '描述': '15个法力制造器'}",将法力提供给千家万户,15_mana_maker_b,786,成就
899,"{'稀有度': '普通', '描述': '5个发射井'}",这些有什么用？,5_launch_silos,787,成就
900,"{'稀有度': '稀有', '描述': '10个发射井'}",只是储存辉烬的？,10_launch_silos,789,成就
901,"{'稀有度': '史诗', '描述': '15个发射井'}",展望未来,15_launch_silos,791,成就
902,{},每次转生时可以购买的传承,,1,传承
903,{'描述': '对思想和腰包都有帮助'},远古宝库,ancient_treasury,4,传承
904,{'描述': '为伐木工改善斧头'},强化斧头,enhanced_axes,6,传承
905,{'描述': '一点点运气'},占卜者,fortune_teller,8,传承
906,{'描述': '改善技术可以生产更多食物'},灌溉技术,irrigation_techniques,9,传承
907,{'描述': '采石场的工人变得更有经验'},著名石匠,renowned_stonemasons,11,传承
908,{'描述': '可以为仓库提供帮助'},资源上限,resource_cap,13,传承
909,{'描述': '向神明致敬'},侍奉神明,service_gods,17,传承
910,{'描述': '您的名字会被更多地提及'},魅力,charism,19,传承
911,{'描述': '自然为我们提供丰富的资源'},自然的赠礼,gift_nature,20,传承
912,{'描述': '使工匠和饲育员获得加成'},店主和饲育员,shopkeepers_and_breeders,23,传承
913,{'描述': '初始拥有更多资源'},库存资源,stock_resources,26,传承
914,{'描述': '可以手动采集更多资源'},强壮的工人,strong_workers,29,传承
915,{'描述': '为军队提供新式武器'},武器强化,powered_weapons,32,传承
916,{'描述': '人民更加聪明了'},聪明的村民,clever_villagers,34,传承
917,{'描述': '可以存放大量黄金'},聚宝盆,deep_pockets,35,传承
918,{'描述': '为矿工改善镐子'},强化镐子,enhanced_pickaxes,36,传承
919,{'描述': '我们需要更多的人口！'},增员,free_hands,38,传承
920,{'描述': '造物主帮助我们进行建造'},造物主的赠礼,gift_creators,39,传承
921,{'描述': '可以为仓库提供更多空间'},资源上限 II,resource_cap_II,42,传承
922,{'描述': '信奉神明'},侍奉神明 II,service_gods_II,49,传承
923,{'描述': '运气很不错'},占卜师,soothsayer,51,传承
924,{'描述': '在城市周围布置陷阱'},尖刺与陷坑,spikes_and_pits,52,传承
925,{'描述': '更加坚定的祈祷'},强化信念,strengthening_faith,53,传承
926,{'描述': '解锁泽尼克斯的使魔'},泽尼克斯的使魔,zenix_familiar_l,55,传承
927,{'描述': '为伐木工提供更好的斧头'},强化斧头 II,enhanced_axes_II,56,传承
928,{'描述': '再度改善技术还可以生产更多食物'},灌溉技术 II,irrigation_techniques_II,58,传承
929,{'描述': '采石场的工人再次变得更有经验'},著名石匠 II,renowned_stonemasons_II,60,传承
930,{'描述': '揭示和购买登攀者世界'},远古宝库 II,ancient_treasury_II,62,传承
931,{'描述': '解锁远古保险库'},远古保险库,ancient_vault,64,传承
932,{'描述': '让我们扩大军队的规模'},众志成军‌,army_of_men,66,传承
933,{'描述': '初始拥有大量资源'},库存资源 II,stock_resources_II,67,传承
934,{'描述': '可以生产研究材料'},工匠,craftmen,71,传承
935,{'描述': '更加致命的武器'},武器强化 II,powered_weapons_II,75,传承
936,{'描述': '可以为贵重物资提供更多空间'},资源上限 III,resource_cap_III,79,传承
937,{'描述': '解锁持盾卫士'},持盾卫士,shieldbearer,86,传承
938,{'描述': '我们可以参加一些马展'},店主和饲育员 II,shopkeepers_and_breeders_II,87,传承
939,{'描述': '可以手动采集还要更多的资源'},强壮的工人 II,strong_workers_II,90,传承
940,{'描述': '解锁卡纳瓦护卫佣兵'},代币佣兵,coin_mercenary,93,传承
941,{'描述': '为矿工提供更好的镐子'},强化镐子 II,enhanced_pickaxes_II,95,传承
942,{'描述': '解锁粮仓'},粮食储存,grain_storage,97,传承
943,{'描述': '隐于纪念碑之中，强化它的效果'},马蹄铁传家宝,heirloom_horseshoes,98,传承
944,{'描述': '隐于纪念碑之中，强化它的效果'},纪念品传家宝,heirloom_momento,100,传承
945,{'描述': '隐于纪念碑之中，强化它的效果'},契约传家宝,heirloom_contract,102,传承
946,{'描述': '隐于纪念碑之中，强化它的效果'},智慧传家宝,heirloom_wisdom,104,传承
947,{'描述': '隐于纪念碑之中，强化它的效果'},死亡传家宝,heirloom_death,107,传承
948,{'描述': '隐于纪念碑之中，强化它的效果'},财富传家宝,heirloom_wealth,110,传承
949,{'描述': '解锁纪念碑'},纪念碑,monument_1,113,传承
950,{'描述': '在城市周围布置更多陷阱'},尖刺与陷坑 II,spikes_and_pits_II,114,传承
951,{'描述': '人人都应该拥有法力和信念'},强化信念 II,strengthening_faith_II,116,传承
952,{'描述': '别了，上限'},远古宝库 III,ancient_treasury_III,118,传承
953,{'描述': '他应该为王'},魅力 II,charism_II,120,传承
954,{'描述': '知晓运势的流动'},神算者,clairvoyant,122,传承
955,{'描述': '解锁壁垒'},壁垒,defensive_rampart,123,传承
956,{'描述': '解锁工匠公会'},工匠公会,guild_craftsmen,125,传承
957,{'描述': '解锁登攀者世界图书馆'},登攀者世界图书馆,library_theresmore,126,传承
958,{'描述': '解锁修道院'},修道会,monastic_orders,127,传承
959,{'描述': '再次可以为贵重物资提供更多空间'},资源上限 IV,resource_cap_IV,128,传承
960,{'描述': '虔诚信仰神明'},侍奉神明 III,service_gods_III,138,传承
961,{'描述': '解锁白色连队佣兵'},白色连队,white_m_company,140,传承
962,{'描述': '解锁团长的故事'},加里亚德团长的故事,cpt_galliard_story,142,传承
963,{'描述': '黄金总是多多益善'},聚宝盆 II,deep_pockets_II,144,传承
964,{'描述': '神赐的乐土'},乐土,elysian_field,146,传承
965,{'描述': '还要更多的人口！就是这样！'},增员 II,free_hands_II,150,传承
966,{'描述': '金钱的力量带来了强大的佣兵'},佣兵合约,mercenary_agreements,152,传承
967,{'描述': '更强更致命的武器'},武器强化 III,powered_weapons_III,155,传承
968,{'描述': '解锁石匠坊'},石匠坊,stonemason_l,159,传承
969,{'描述': '解锁锯木厂'},木工,woodworking,161,传承
970,{'描述': '万里长城永不倒'},众志成军‌ II,army_of_men_II,163,传承
971,{'描述': '研究问题更少了'},聪明的村民 II,clever_villagers_II,165,传承
972,{'描述': '解锁城堡民兵'},招募民兵,militia_recruitment,167,传承
973,{'描述': '解锁牧师'},牧师,priest,168,传承
974,{'描述': '为贵重物资提供大量空间'},资源上限 V,resource_cap_V,170,传承
975,{'描述': '工具及马之大师'},店主和饲育员 III,shopkeepers_and_breeders_III,181,传承
976,{'描述': '为伐木工提供钛斧'},强化斧头 III,enhanced_axes_III,184,传承
977,{'描述': '如同威尼斯一般的运河'},灌溉技术 III,irrigation_techniques_III,186,传承
978,{'描述': '非常老练的采石场工人！'},著名石匠 III,renowned_stonemasons_III,188,传承
979,{'描述': '为矿工提供钛镐'},强化镐子 III,enhanced_pickaxes_III,190,传承
980,{'描述': '金钱不问出处'},佣兵合约 II,mercenary_agreements_II,192,传承
981,{'描述': '解锁区域市场'},区域市场,regional_market,195,传承
982,{'描述': '为贵重物资提供更大量的空间'},资源上限 VI,resource_cap_VI,197,传承
983,{'描述': '研究的问题迎刃而解'},远古宝库 IV,ancient_treasury_IV,208,传承
984,{'描述': '您的补给方面碰到什么麻烦了吗？'},工匠 II,craftmen_II,210,传承
985,{'描述': '人口？人口！！！'},增员 III,free_hands_III,214,传承
986,{'描述': '为贵重物资提供超大量的空间'},资源上限 VII,resource_cap_VII,216,传承
987,{'描述': '利用遗物的力量强化防御'},尖刺与陷坑 III,spikes_and_pits_III,227,传承
988,{'描述': '法力泉涌'},强化信念 III,strengthening_faith_III,230,传承
989,{'描述': '为人类而战的圣战士'},战斗天使,angel,232,传承
990,{'描述': '携手并进'},众志成军‌ III,army_of_men_III,234,传承
991,{'描述': '让我们扩展乐土并保卫它'},乐土 II,elysian_field_II,236,传承
992,{'描述': '大型亡者肉盾'},主宰,juggernaut,240,传承
993,{'描述': '只要目的正当，可以不择手段'},佣兵合约 III,mercenary_agreements_III,242,传承
994,{'描述': '非常致命的军队'},武器强化 IV,powered_weapons_IV,245,传承
995,{'描述': '一定会神抽到那张卡的'},卡牌占卜师,cartomancer,249,传承
996,{'描述': '遨游金海'},聚宝盆 III,deep_pockets_III,250,传承
997,{'描述': '亡者工作的大厅'},亡者大厅,hall_dead,252,传承
998,{'描述': '过去的研究大厅'},智慧大厅,hall_wisdom,254,传承
999,{'描述': '诸神的生产机器'},诸神的机器,machines_gods,256,传承
1000,{'描述': '学习如何饲育亡者兽群'},亡者兽群,undead_herds,258,传承
1001,{'描述': '为贵重物资提供极大量的空间'},资源上限 VIII,resource_cap_VIII,260,传承
1002,{'描述': '敬拜神明'},侍奉神明 IV,service_gods_IV,271,传承
1003,{'描述': '研究创新'},聪明的村民 III,clever_villagers_III,273,传承
1004,{'描述': '雇佣加里亚德团长'},加里亚德团长,cpt_galliard_l,275,传承
1005,{'描述': '为伐木工提供史诗级的斧头'},强化斧头 IV,enhanced_axes_IV,279,传承
1006,{'描述': '农业技术在我们面前不再有任何秘密'},灌溉技术 IV,irrigation_techniques_IV,281,传承
1007,{'描述': '采石场的大师！'},著名石匠 IV,renowned_stonemasons_IV,283,传承
1008,{'描述': '为矿工提供史诗级的镐子'},强化镐子 IV,enhanced_pickaxes_IV,285,传承
1009,{'描述': '负责研究和物流'},内政部,ministry_interior_l,287,传承
1010,{'描述': '负责军队和实力'},战争部,ministry_war_l,289,传承
1011,{'描述': '负责魔法和信仰'},宗教部,ministry_worship_l,291,传承
1012,{'描述': '强化后期'},武器强化 V,powered_weapons_V,293,传承
1013,{'描述': '补给方面不会再有什么问题了'},工匠 III,craftmen_III,298,传承
1014,{'描述': '戮力同心'},众志成军‌ IV,army_of_men_IV,302,传承
1015,{'描述': '创造更有效的定居点武装力量'},训练定居点的军队,train_colonial,304,传承
1016,{'描述': '婴儿潮来了！'},增员 IV,free_hands_IV,308,传承
1017,{'描述': '更多遗物的力量！'},尖刺与陷坑 IV,spikes_and_pits_IV,310,传承
1018,{'描述': '法力充沛'},强化信念 IV,strengthening_faith_IV,313,传承
1019,{'描述': '召唤远古恶魔'},远古炎魔,ancient_balor_l,315,传承
1020,{'描述': '钠红石方面碰到什么麻烦了吗？'},工匠 IV,craftmen_IV,319,传承
1021,{'描述': '神明的琼浆玉液'},乐土 III,elysian_field_III,321,传承
1022,{'描述': '天使中最高阶的存在'},炽天使,seraphim_l,325,传承
1023,{'描述': '命运的忠仆'},命运侍僧,acolyte_fate,329,传承
1024,{'描述': '金力觉醒'},聚宝盆 IV,deep_pockets_IV,330,传承
1025,{'描述': '敬畏神明'},侍奉神明 V,service_gods_V,332,传承
1026,{'描述': '不朽的军队'},武器强化 VI,powered_weapons_VI,334,传承
1027,{'描述': '人民战争的汪洋大海'},众志成军‌ V,army_of_men_V,338,传承
1028,{'描述': '钠红石方面不会再有什么问题了'},工匠 V,craftmen_V,340,传承
1029,{'描述': '为定居点军队提供更好的装备'},训练定居点的军队 II,train_colonial_II,342,传承
1030,{'描述': '主宰也太狂野了！'},尖刺与陷坑 V,spikes_and_pits_V,346,传承
1031,{'描述': '深渊法力'},强化信念V,strengthening_faith_V,349,传承
1032,{'描述': '解锁巨型工作区'},泰坦的建筑,architecture_titan,351,传承
1033,{'描述': '解锁磐石巨墙'},泰坦之墙,wall_titan,353,传承
1034,{'描述': '泰坦将他的武器赐予我们'},泰坦的武器,weapons_titan,355,传承
1035,{'描述': '金神降世'},聚宝盆 V,deep_pockets_V,360,传承
1036,{'描述': '战无不胜的军队'},武器强化 VII,powered_weapons_VII,362,传承
1037,{'描述': '深渊研究'},聪明的村民 IV,clever_villagers_IV,366,传承
1038,{'描述': '不朽的军队'},武器强化 VIII,powered_weapons_VIII,369,传承
1039,{'描述': '来自深渊的强化！'},尖刺与陷坑 VI,spikes_and_pits_VI,373,传承
1040,{'描述': '钠红石大概要过剩了'},工匠 VI,craftmen_VI,377,传承
1041,{'描述': '其力无穷'},众志成军‌ VI,army_of_men_VI,380,传承
1042,{'描述': '为伐木工提供深渊斧头'},强化斧头 V,enhanced_axes_V,383,传承
1043,{'描述': '深渊农业'},灌溉技术 V,irrigation_techniques_V,386,传承
1044,{'描述': '石材惠及众生！'},著名石匠 V,renowned_stonemasons_V,389,传承
1045,{'描述': '为矿工提供深渊镐子'},强化镐子 V,enhanced_pickaxes_V,392,传承
1046,{'描述': '为伐木工提供辉烬斧头'},强化斧头 VI,enhanced_axes_VI,395,传承
1047,{'描述': '辉烬农业'},灌溉技术 VI,irrigation_techniques_VI,398,传承
1048,{'描述': '解决石材问题'},著名石匠 VI,renowned_stonemasons_VI,401,传承
1049,{'描述': '为矿工提供辉烬镐子'},强化镐子 VI,enhanced_pickaxes_VI,404,传承
1050,{'描述': '人潮澎湃！'},增员 V,free_hands_V,407,传承
1051,{'描述': '圣临炽原'},乐土 IV,elysian_field_IV,410,传承
1052,{'描述': '赞颂幸运之神'},幸运之神,god_luck,417,传承
1053,{'描述': '为定居点军队提供非常好的装备'},训练定居点的军队 III,train_colonial_III,420,传承
1054,{'描述': '光之环'},光明之环,light_circle,424,传承
1055,{'描述': '祈祷神明'},强化信念 VI,strengthening_faith_VI,425,传承
1056,{'描述': '金河奔涌'},聚宝盆 VI,deep_pockets_VI,428,传承
1057,{'描述': '天界伊甸'},乐土 V,elysian_field_V,431,传承
1058,{'描述': '辉烬的军队'},武器强化 IX,powered_weapons_IX,438,传承
1059,{'描述': '纯净之光'},光明之环 II,light_circle_II,443,传承
1060,{'描述': '登攀者世界屹立不倒'},众志成军‌ VII,army_of_men_VII,445,传承
1061,{'描述': '人类雄师'},众志成军‌ VIII,army_of_men_VIII,448,传承
1062,{'描述': '照亮深渊'},光明之环 III,light_circle_III,451,传承
1063,{'描述': '金宙无极'},聚宝盆 VII,deep_pockets_VII,453,传承
1064,{'描述': '永恒之光'},光明之环 IV,light_circle_IV,456,传承
1065,{'描述': '终焉篇章'},众志成军‌ IX,army_of_men_IX,458,传承
1066,{'描述': '让我们用幸运树林赚点黄金吧'},出售木材,trading_woods,4,研究
1067,{'描述': '我们在幸运树林中找到了一种上好的木材'},优质幸运木,fine_lucky_wood,6,研究
1068,{'描述': '我们可以招募长弓手了'},长弓手,trained_longbowman,10,研究
1069,{'描述': '看来往幸运之井里扔硬币会带来好运'},投币,throwing_coin,11,研究
1070,{'描述': '来自幸运之井的黄金，佣兵们会喜欢的'},孽财,dirty_money,12,研究
1071,{'描述': '幸运之井中的黄金之泉'},黄金之泉,fountain_gold,19,研究
1072,{'描述': '灵感大厅中萌生了一些金点子'},金点子,lucky_idea,21,研究
1073,{'描述': '返还了一些东西！'},灵感来了！,eureka,23,研究
1074,{'描述': '灵感大厅应该有考古学家的一席之地'},历史学硕士,master_history,25,研究
1075,{'描述': '娱乐区域需要投资者'},幸运投资,lucky_investments,27,研究
1076,{'描述': '娱乐区域已经像一座小城了'},幸运小城,lucky_little_city,29,研究
1077,{'描述': '可以用这些钱财吸引走私者'},不义之财,illgotten_gains,33,研究
1078,{'描述': '我们必须在地下隧道里设置一道防线'},隧道准备,prepare_tunnel,34,研究
1079,{'描述': '我们需要在地下隧道中设立总部'},隧道总部,tunnel_hq,36,研究
1080,{'描述': '隧道已经做好了准备'},隧道贮藏,stocked_tunnel,39,研究
1081,{'描述': '武学中蕴涵着命运的法则'},武学,martial_arts,44,研究
1082,{'描述': '命运对圣职者降下了祝福'},命运祝福,fate_blessing,48,研究
1083,{'描述': '召唤命运之化身'},命运之化身,avatar_fate,52,研究
1084,{'描述': '向我们的骑兵传授突袭战术！'},突袭训练,raider_teaching,53,研究
1085,{'描述': '劫掠越频繁，黄金收益越丰厚'},劫掠训练,pillaging_training,57,研究
1086,{'描述': '我们想到了一种给步兵制服增加额外口袋的改良方案'},佣兵额外口袋,mercenary_pockets,59,研究
1087,{'描述': '是时候建造一些住所了'},住房,housing,64,研究
1088,{'描述': '过去的遗物'},纪念碑,monument_past,65,研究
1089,{'描述': '给予我们工人'},住房传家宝,heirloom_housing,68,研究
1090,{'描述': '给予我们黄金和工人'},马蹄铁传家宝,heirloom_horseshoes_t,72,研究
1091,{'描述': '给予我们研究点和法力'},纪念品传家宝,heirloom_momento_t,76,研究
1092,{'描述': '给予我们金钱和士兵'},契约传家宝,heirloom_contract_t,81,研究
1093,{'描述': '磨砺我们的箭'},智慧传家宝,heirloom_wisdom_t,85,研究
1094,{'描述': '磨砺我们的长矛'},死亡传家宝,heirloom_death_t,89,研究
1095,{'描述': '给我们更好的利剑'},财富传家宝,heirloom_wealth_t,93,研究
1096,{'描述': '一分耕耘，一分收获'},农业,agricolture,97,研究
1097,{'描述': '采石场可没法容得下瘦弱无力的胳膊'},琢石,stone_masonry,99,研究
1098,{'描述': '登攀者世界茂密的森林将帮助我们繁荣昌盛'},砍伐木材,wood_cutting,101,研究
1099,{'描述': '轮作是保持农田肥力的基本过程'},轮作,crop_rotation,103,研究
1100,{'描述': '我们需要更好地管理粮食生产和存储'},粮食过剩,grain_surplus,105,研究
1101,{'描述': '我们可以用陶器保存东西，有利于商业诞生'},陶器,pottery,108,研究
1102,{'描述': '木雕师可以生产优质木材'},木雕师,woodcarvers,110,研究
1103,{'描述': '木材生产需要新工具'},木锯,wood_saw,113,研究
1104,{'描述': '新的石头提取和加工技术'},石头提取工具,stone_extraction_tools,116,研究
1105,{'描述': '石匠坊有助于石头生产'},石材加工,stone_processing,119,研究
1106,{'描述': '我们可以利用弓箭从安全的距离发动攻击'},箭术,archery,122,研究
1107,{'描述': '铜和铁会很有用的'},采矿,mining,125,研究
1108,{'描述': '工人们的生活场所'},工人之家,house_of_workers,127,研究
1109,{'描述': '泰坦的建筑知识'},泰坦的建筑,architecture_titan_t,130,研究
1110,{'描述': '黑暗深处的鼓声'},采矿效率,mining_efficency,133,研究
1111,{'描述': '我们需要更多，更多的材料！'},存储,storage,136,研究
1112,{'描述': '工匠作坊开始高效生产'},土特产,local_products,138,研究
1113,{'描述': '言语易逝，书写永存'},写作,writing,140,研究
1114,{'描述': '青铜时代，我最喜欢的时代之一！'},青铜加工,bronze_working,142,研究
1115,{'描述': '青铜箭头'},青铜箭头,bronze_projectiles,145,研究
1116,{'描述': '青铜盾可以为士兵们提供防护'},青铜盾,bronze_shield,147,研究
1117,{'描述': '供士兵们使用的青铜剑'},青铜剑,bronze_sword,150,研究
1118,{'描述': '供骑兵们使用的青铜长枪'},青铜长枪,bronze_lance,156,研究
1119,{'描述': '召唤远古炎魔'},远古炎魔,ancient_balor_t,158,研究
1120,{'描述': '我们已经知晓登攀者世界有多么无情了，我们需要建立一支民兵部队'},训练民兵,training_militia,161,研究
1121,{'描述': '众神赐予了我们预见之球，它是一件存放于神示所的神奇古物。我们可以依靠它得知战斗结果'},神谕,oracle_t,166,研究
1122,{'描述': '法力是登攀者世界的精华'},魔法,magic,168,研究
1123,{'描述': '来自远古的咒语'},远古咒语,ancient_spell,170,研究
1124,{'描述': '只要提供一点食物，就能吸引这些可爱的小动物了'},泽尼克斯的使魔,zenix_familiar_t,173,研究
1125,{'描述': '登攀者世界的神话讲述了拥有伟大能力的神明们'},神话学,mythology,177,研究
1126,{'描述': '我们需要培育出登攀者世界最好的马'},饲育,breeding,180,研究
1127,{'描述': '过去几代人为我们留下了远古仓库'},远古库存,ancient_stockpile,183,研究
1128,{'描述': '高墙可以保护我们的城市'},防御工事,fortification,187,研究
1129,{'描述': '这些巨墙可以保护人类数百年'},泰坦之墙,wall_titan_t,191,研究
1130,{'描述': '在我们之前是否有过失落的文明？'},铭记古人,remember_the_ancients,194,研究
1131,{'描述': '我将为您服务，我的主人'},奴役,servitude,198,研究
1132,{'描述': '二加二总是等于四'},数学,mathematic,203,研究
1133,{'描述': '生机勃勃的城市'},市政管理,municipal_administration,208,研究
1134,{'描述': '虚则实之，实则虚之'},战争,warfare,210,研究
1135,{'描述': '我们需要让士兵们统一步调行动！'},方阵步兵,phalanx_combat,212,研究
1136,{'描述': '我们可以在此训练士兵'},新兵训练营,boot_camp_t,215,研究
1137,{'描述': '精英佣兵部队，拿我们的钱，为我们办事'},卡纳瓦护卫,canava_mercenary,218,研究
1138,{'描述': '所有命运馈赠的礼物，都已在暗中标好了价格'},货币,currency,221,研究
1139,{'描述': '我们刚刚攻占了野蛮人营地，驯服了其中一些人服从我们。我们必须更多地了解他们'},驯服野蛮人,tamed_barbarian,224,研究
1140,{'描述': '我们尊崇远古神明们'},宗教,religion,227,研究
1141,{'描述': '为军队锻造更好的装备'},装备锻造,forging_equipments,230,研究
1142,{'描述': '修道会的兴起'},隐居生活,cloistered_life,233,研究
1143,{'描述': '我们凭借祖传的知识，可以在周边村庄创建区域市场了'},区域市场,regional_markets,237,研究
1144,{'描述': '我们必须建造一个可供幸运女神注入力量的地方'},财富圣地,fortune_sanctuary,241,研究
1145,{'描述': '私有财产诞生'},围场,enclosures,243,研究
1146,{'描述': '珍贵的大理石加工吸引了人力'},上等大理石,fine_marbles,245,研究
1147,{'描述': '木雕师们越来越专业了'},上等木材,fine_woods,248,研究
1148,{'描述': '铁比铜要坚固得多，它的用途多种多样'},铁加工,iron_working,251,研究
1149,{'描述': '铁箭头'},铁箭头,iron_projectiles,254,研究
1150,{'描述': '铁盾可以为士兵们提供防护'},铁盾,iron_shield,257,研究
1151,{'描述': '供士兵们使用的铁剑'},铁剑,iron_sword,261,研究
1152,{'描述': '供骑兵们使用的铁枪'},铁枪,iron_lance,273,研究
1153,{'描述': '神明们赐予了我们战斗天使'},神圣之怒,holy_fury,275,研究
1154,{'描述': '有了他的存在，我们就不需要害怕黑暗了'},炽天使,seraphim_t,278,研究
1155,{'描述': '为盛产黄金的王国提供便利'},佣兵团,mercenary_bands,281,研究
1156,{'描述': '赫赫有名的白色连队准备为您服务'},白色连队,white_t_company,283,研究
1157,{'描述': '被打败后，加里亚德团长愿意加入我们'},加里亚德团长加入,galliard_mercenary,286,研究
1158,{'描述': '雇佣著名的加里亚德团长'},加里亚德团长,cpt_galliard_t,289,研究
1159,{'描述': '加里亚德团长知道一个旧前哨的位置，需要肃清那里'},肃清旧前哨,free_old_outpost,292,研究
1160,{'描述': '我们肃清了旧前哨，让我们把它变成佣兵训练中心吧'},佣兵前哨,mercenary_outpost_t,295,研究
1161,{'描述': '团长的过去一片模糊，他记不起任何细节了。我们需要彻底调查他的背景'},加里亚德的秘密,galliard_secret,297,研究
1162,{'描述': '在加里亚德的避难所里，我们发现了一本古老的大书。我们需要对它进行研究'},古老传说之书,tome_ancient_lore,299,研究
1163,{'描述': '进入避难所后，加里亚德有了一些难以解释的反应。他心不在焉，面色苍白，一直重复着一个远古巨人的故事'},自由之翼,wings_freedom,302,研究
1164,{'描述': '遭遇远古巨人后，加里亚德的力量被唤醒了'},加里亚德的真正形态,galliard_true_form,304,研究
1165,{'描述': '城市已经准备好迎接飞跃'},结束远古时代,end_ancient_era,307,研究
1166,{'描述': '我们的土地生产极丰富的资源，不应该浪费它'},丰饶之谷,plenty_valley,312,研究
1167,{'描述': '通过酷刑……呃，不对，对野蛮人村庄的调查后，我们发现他们的国家由部落组成'},野蛮人部落,barbarian_tribes,314,研究
1168,{'描述': '一个强盗交代，他们都是从一个名叫骷髅脸的首领那里接受命令的'},强盗首领,bandit_chief,317,研究
1169,{'描述': '我们需要进一步了解这些逃兵的来源'},逃兵的起源,deserter_origin,319,研究
1170,{'描述': '新纪元诞生：一个骑兵，城堡，和拯救女士的纪元'},封建时代,feudalism,321,研究
1171,{'描述': '让一些侦察兵专攻间谍艺术'},间谍行动,espionage,323,研究
1172,{'描述': '为军队锻造还要更好的装备'},装备锻造 II,forging_equipments_II,325,研究
1173,{'描述': '中世纪推动了我们的建筑工实现伟大工程'},建筑学,architecture,328,研究
1174,{'描述': '比弓更强大，也更容易使用'},弩,crossbow,332,研究
1175,{'描述': '我们可以制造比投石机更强大的攻城机器了'},攻城技术,siege_techniques,336,研究
1176,{'描述': '随着攻城技术的出现，我们可以增加火炮的火力了'},围城工程师,besieging_engineers,338,研究
1177,{'描述': '登攀者世界开始揭示它的秘密，我们必须尽可能地加以发现'},教育学,education,340,研究
1178,{'描述': '我们已经与各个强国结盟，该建造大使馆了'},各国大使馆,embassy_nation,342,研究
1179,{'描述': '随着法力仪式的确立，我们将可以探索新的咒语'},法力仪式,liturgical_rites,347,研究
1180,{'描述': '死灵法师们了解早已遗失在时光长河中的奥术'},死灵术,necromancy,349,研究
1181,{'描述': '有了食物保存技术，我们就可以制造补给了'},食物保存,food_conservation,351,研究
1182,{'描述': '全副武装地出现在战场上'},板甲,plate_armor,353,研究
1183,{'描述': '在墙上装上弩炮可以击退敌人的攻击'},攻城防御武器,siege_defense_weapons,357,研究
1184,{'描述': '金属加工是文明发展的基本过程'},金属铸造,metal_casting,360,研究
1185,{'描述': '我们需要为我们的国家建立明确的边界'},确定边界,establish_boundaries,363,研究
1186,{'描述': '来自卡纳瓦王国的使者疾驰进城。这项研究将让我们可以建立守望者前哨，对于进入新时代至关重要'},卡纳瓦先驱,herald_canava,366,研究
1187,{'描述': '得知卡纳瓦被摧毁不久后的一个晚上，城市的周围在躁动不安，我们恐怕得加强防御了'},月明之夜,moonlight_night,368,研究
1188,{'描述': '战胜地精后，人们聚集在广场上庆祝'},全日庆祝活动,daylong_celebration,370,研究
1189,{'描述': '我的是我的，你的还是我的'},银行业,banking,372,研究
1190,{'描述': '有了钢以后，我们可以将军事水平提升到新高度了'},锻钢,steeling,375,研究
1191,{'描述': '钢箭头'},钢箭头,steel_projectiles,379,研究
1192,{'描述': '钢盾可以为士兵们提供防护'},钢盾,steel_shield,382,研究
1193,{'描述': '供士兵们使用的钢剑'},钢剑,steel_sword,386,研究
1194,{'描述': '供骑兵们使用的钢枪'},钢枪,steel_lance,398,研究
1195,{'描述': '城市中诞生了团体'},公会,guild,401,研究
1196,{'描述': '有了工匠公会，我们就可以增加二阶资源的产量了！'},工匠公会,craftsmen_guild,404,研究
1197,{'描述': '宗教秩序发展了信念的概念'},宗教秩序,religious_orders,407,研究
1198,{'描述': '我们可以传送大量法力了'},法力传送带,mana_conveyors,410,研究
1199,{'描述': '真正的工匠大师正在城市中涌现'},工匠大师,master_craftsmen,413,研究
1200,{'描述': '钻井过程有利于生产越来越多的金属'},钻井作业,drilling_operation,417,研究
1201,{'描述': '我们必须建立一支训练有素的军队'},职业军人,professional_soldier,420,研究
1202,{'描述': '骑士精神是登攀者世界贵族的信条'},骑士精神,knighthood,422,研究
1203,{'描述': '我们可以组织更大的集市了'},集市与市场,fairs_and_markets,426,研究
1204,{'描述': '我们需要让哨兵在墙上巡逻'},哨兵上墙,network_of_watchmen,431,研究
1205,{'描述': '我们所需的一切空间'},大存储空间,large_storage_space,433,研究
1206,{'描述': '我已经为登攀者世界做得够多，是时候离开了'},光荣退休,glorious_retirement,435,研究
1207,{'描述': '地穴原来是一座古老的图书馆，它的中央是一口电光石火般的水井。它的倒影中映着许多不同面容的鬼魂。只有最顽强的凡人才敢挑战图书馆的禁忌知识'},灵魂图书馆,library_of_souls,441,研究
1208,{'描述': '欢迎来到近代'},结束封建时代,end_feudal_era,444,研究
1209,{'描述': '众神钦佩您的勇气，赐予您声誉和荣耀'},神之荣耀,favor_gods,453,研究
1210,{'描述': '我们对灵魂图书馆的下方仍然一无所知，必须对它进行探索'},图书馆之谜,underground_library,456,研究
1211,{'描述': '如果我们想要结束封建纪元，就必须把目光转向天空'},天文学,astronomy,459,研究
1212,{'描述': '科学方法的诞生对知识很关键'},科学理论,scientific_theory,461,研究
1213,{'描述': '化学是研究登攀者世界物质组成的艺术'},化学,chemistry,463,研究
1214,{'描述': '木雕师和石匠们形成了团体'},生产制造,manufactures,465,研究
1215,{'描述': '让思想自由流通吧'},印刷机,printing_press,467,研究
1216,{'描述': '我们需要更好地调查这些神秘怪物的传闻'},猎杀怪物,monster_hunting,469,研究
1217,{'描述': '我们已经消灭了威胁登攀者世界的怪物，需要研究如何从中获益'},肃清怪物,monster_epuration,471,研究
1218,{'描述': '新的化学成分可以增加食物产量'},肥料,fertilizer,476,研究
1219,{'描述': '通过炼金术我们可以进一步提高产量'},炼金术反应,alchemical_reactions,478,研究
1220,{'描述': '火药将让我们在战场上占据优势'},火药,gunpowder,480,研究
1221,{'描述': '一些难民团体要求进入城市，西部边境似乎发生了什么'},灾难,the_scourge,482,研究
1222,{'描述': '我们需要一个有人值守的地方存放贵重材料'},存放贵重材料,storing_valuable_materials,484,研究
1223,{'描述': '科技创新将为军队服务'},军事科学,military_science,487,研究
1224,{'描述': '一个夏末的午后，西墙上的哨兵们在地平线上发现了一个黑点。在接下来的几个小时中，这个地方变成了一片云，然后是风暴，笼罩着整座城市。那是如火焰一般红的暴风雨，巨龙来取它的古物了'},巨龙来袭,dragon_assault,489,研究
1225,{'描述': '巨龙的大军被击退了，是时候庆祝了！'},光荣游行,glorious_parade,491,研究
1226,{'描述': '为了开始支配世界经济，我们需要囤积大量黄金'},金库,the_vault,493,研究
1227,{'描述': '装备枪支后，我们可以创造出超重型的骑兵团'},重骑兵,cuirassiers,495,研究
1228,{'描述': '夜谷保护国拥有北极星，那是从登攀者世界早期就存在的强大古物'},北极星,northern_star,497,研究
1229,{'描述': '我们已经征服了祖尔坦，该研究阿塔玛的火焰了'},阿塔玛的火焰,flame_atamar,499,研究
1230,{'描述': '我们征服了西部王国，但人民仍然对我们充满敌意。我们得想想办法'},力量之路,trail_power,501,研究
1231,{'描述': '我们可以在市中心展示阿塔玛的火焰了，这将极大地丰富它的价值'},展示火焰,exhibit_flame,503,研究
1232,{'描述': '注入火焰，强化军队'},注入火焰,infuse_flame,506,研究
1233,{'描述': '我们需要大量黄金才能“说服”贵族，但我们可以招募西部的强大骑士了'},说服贵族,persuade_nobility,512,研究
1234,{'描述': '为了赢得人们的拥戴，我们需要做出表率。只有战胜可怕的敌人，才能让他们彻底认同'},赢得民心,persuade_people,514,研究
1235,{'描述': '西部人民们终于认为我们才是合法的统治者。是时候享受奖励了'},人民的拥戴,loved_people,516,研究
1236,{'描述': '随着经济的发展，一般福利也会增加'},经济学,economics,519,研究
1237,{'描述': '城市已经发展到需要内政部的时候了'},内政部,ministry_interior_t,521,研究
1238,{'描述': '我们的文明需要战争部'},战争部,ministry_war_t,524,研究
1239,{'描述': '让我们指引他们的灵魂'},宗教部,ministry_worship_t,527,研究
1240,{'描述': '他们既是牧师，也是士兵，将为登攀者世界的人类而战'},圣职者军团,order_of_clerics,530,研究
1241,{'描述': '我们深入研究了魔法艺术'},魔法艺术教学,magic_arts_teaching,533,研究
1242,{'描述': '研究人员发现，我们可以利用大量的法力创造新方法来改变市民的生活'},法力应用,mana_utilization,535,研究
1243,{'描述': '军事学院中有人提出了制造超级武器保护城市的新计划'},大型防御计划,large_defensive_project,538,研究
1244,{'描述': '为了能在经济上继续增长，我们需要建立商业垄断和证券交易所'},商业垄断,commercial_monopolies,540,研究
1245,{'描述': '我们拥有了证券交易所，必须让整个社会致力于全球经济支配的计划'},黄金支配计划,gold_domination_project,542,研究
1246,{'描述': '我们生产的黄金已经多到可以消灭竞争了'},抹杀竞争对手,exterminate_competition,544,研究
1247,{'描述': '我们成功了，我们已经富甲天下了'},富甲天下,theresmore_richest_nation,547,研究
1248,{'描述': '击败地精以后，我们可以用它们的毒药制造箭矢了'},毒箭,poisoned_arrows,550,研究
1249,{'描述': '我们对亡者的研究已经足够了，我们可以开发自己的法力驱动仆从了'},建造构装体,construction_of_automata,552,研究
1250,{'描述': '道路安全了，我们可以开发税收系统了'},安全的道路,safe_roads,554,研究
1251,{'描述': '有了这个协定，我们就可以自由探索他们的土地了，毕竟我们是盟友'},与游荡者的协定,agreement_passage_wanders,557,研究
1252,{'描述': '我们已经征服了游荡者，可以自由探索他们的土地了'},东方侦察任务,scout_mission_east,559,研究
1253,{'描述': '与游荡者的协定让我们更好地了解他们的繁育技术'},大型牧场,large_pastures,561,研究
1254,{'描述': '征服了广阔的东方以后，我们可以开发草原了'},巨大牧场,great_pastures,563,研究
1255,{'描述': '在奇怪的村庄中，我们发现了一个五芒星，和一张用晦涩语言写成的卷轴。我们必须进行调查'},恶魔五芒星,pentagram_tome,565,研究
1256,{'描述': '狗头人的隧道向几个方向伸出分支，我们必须探索它们'},地下任务,underground_kobold_mission,567,研究
1257,{'描述': '狗头人之城中，我们发现了一条线索，它们有一位国王领导着真正的地下大都市'},狗头人的国家,kobold_nation,570,研究
1258,{'描述': '通往一个早已被遗忘，封印的地方。当心守护通道的亡者。要当心'},亡者之门,portal_of_the_dead,573,研究
1259,{'描述': '吸血鬼地穴里并没有棺材，我们必须到别处去寻找'},血迹,trail_blood,576,研究
1260,{'描述': '我们的学者提出了一种机器的设想，它可以利用法力'},法力引擎,mana_engine,579,研究
1261,{'描述': '我们可以利用新型机械探索更远的地方了'},长途探险,long_expedition,581,研究
1262,{'描述': '远离我们目前的边境之处，有着一片大海，我们必须探索那里'},登攀者世界的海岸,shores_theresmore,583,研究
1263,{'描述': '我们使用新机器发展文明'},机械化,mechanization,585,研究
1264,{'描述': '我们总是需要更多空间'},存储区,storage_district,587,研究
1265,{'描述': '钠红石非常有用，但也非常危险，我们需要建造合适的仓库'},钠红石存储,natronite_storage,589,研究
1266,{'描述': '我们的目标是揭开登攀者世界的秘密'},研究区,research_district,591,研究
1267,{'描述': '精金子弹'},精金子弹,adamantium_projectiles,593,研究
1268,{'描述': '精金盾可以为士兵们提供防护'},精金盾,adamantium_shield,597,研究
1269,{'描述': '供士兵们使用的精金剑'},精金剑,adamantium_sword,602,研究
1270,{'描述': '供骑兵们使用的精金长枪'},精金长枪,adamantium_lance,614,研究
1271,{'描述': '我们为大型港口准备了蓝图，我们将用它来探索和开发大海'},海湾计划,harbor_project,618,研究
1272,{'描述': '积累金钱的新想法'},金融市场,financial_markets,620,研究
1273,{'描述': '让我们使用钠红石点亮城市'},钠红之城,natrocity,622,研究
1274,{'描述': '对登攀者世界的自然生态研究可以应用于市民们的生活'},生物学,biology,624,研究
1275,{'描述': '虽然我们的文明在进化，但也不能忘记登攀者世界的自然根源'},生态学,ecology,627,研究
1276,{'描述': '首个关于飞行的胆小暗示'},飞行,flight,629,研究
1277,{'描述': '火绳枪进化成了用途更广泛的武器'},燧发枪,flintlock_musket,631,研究
1278,{'描述': '战场上出现了新式武器，我们将使用它粉碎敌人'},军事战术,military_tactics,633,研究
1279,{'描述': '我们可以使用炸药来保护城市周围'},地雷,land_mine,635,研究
1280,{'描述': '大炮进化后就是野战加农炮了'},野战炮,field_artillery,637,研究
1281,{'描述': '是时候训练工兵们的枪法了'},老练的炮兵,veteran_artillerymen,639,研究
1282,{'描述': '我们的信仰必须与大自然和谐相处'},与自然沟通,communion_nature,641,研究
1283,{'描述': '人群开始在一个孤独的德鲁伊身边聚集起来'},孤独的德鲁伊,lonely_druid,643,研究
1284,{'描述': '接下来的几天，德鲁伊出现在城门口'},德鲁伊之怒,rage_druid,645,研究
1285,{'描述': '城市中发生了奇迹'},城市的奇迹,miracle_city,647,研究
1286,{'描述': '礼尚往来，朋友来了有好酒，豺狼来了有猎枪！'},准备作战,preparation_war,649,研究
1287,{'描述': '大量的武器和大量的硝石失窃，德鲁伊也消失了，希望他平安无事。我们需要提高警惕了'},神秘劫案,mysterious_robbery,651,研究
1288,{'描述': '一支恶魔大军正在往城市冲过来，它们由一个长着黑翼的骑兵率领！准备好了，你要战，我便战！'},堕天使出现,fallen_angel,653,研究
1289,{'描述': '我们消灭了堕天使，该庆祝了！'},欢乐的国度,joyful_nation_1,655,研究
1290,{'描述': '我们消灭了堕天使，该庆祝了！'},欢乐的国度,joyful_nation_2,657,研究
1291,{'描述': '城市安全了，我们需要建造海湾区，开始新旅程了'},远大梦想,end_era_4_1,659,研究
1292,{'描述': '城市安全了，我们需要建造海湾区，开始新旅程了'},远大梦想,end_era_4_2,660,研究
1293,{'描述': '伟大的国度必须统治海洋，我们的发明家成功制造了用于船只的钠红石发动机'},航海,seafaring,661,研究
1294,{'描述': '这座小岛是未知物种的天堂。这里的前哨站可以产生大量研究点'},小岛前哨,outpost_tiny_island,664,研究
1295,{'描述': '我们将前往西方，前往无人到过的地方'},踏上旅途,the_journey,666,研究
1296,{'描述': '让定居点致力于魔法和信仰。您只能选择其一'},信仰的灯塔,beacon_faith,672,研究
1297,{'描述': '让定居点致力于军事。您只能选择其一'},军事定居点,military_colony,674,研究
1298,{'描述': '让定居点致力于资源生产。您只能选择其一'},生产中心,productive_hub,676,研究
1299,{'描述': '让我们建造码头来开发海洋资源'},定居点码头,colonial_docks,678,研究
1300,{'描述': '新世界有着建造生产中心的空间'},海外精炼厂,overseas_refinery,681,研究
1301,{'描述': '现在比以往任何时候都需要保持强大的中央集权'},中央集权,centralized_power,684,研究
1302,{'描述': '我们需要探索灵魂图书馆下面的洞穴'},巨大洞穴,huge_cave_t,688,研究
1303,{'描述': '定居点已经足够壮大，我们可以从中获取收入了'},定居点交易,colonial_trade,690,研究
1304,{'描述': '我们需要建立一支民兵来保卫定居点'},新世界民兵,new_world_militia,693,研究
1305,{'描述': '许多地主也来到了新世界'},大片庄园,landed_estates,696,研究
1306,{'描述': '我们需要开发自己的交通系统'},公共交通,mass_transit,699,研究
1307,{'描述': '设计一座大型雕像，以提高对我们国家的认识'},港口雕像,port_statue,702,研究
1308,{'描述': '我们在新世界建立了前哨'},定居点营地,colonial_camp,705,研究
1309,{'描述': '定居点周围的荒野催生了新的作战策略'},游击战,guerrilla_warfare,708,研究
1310,{'描述': '让我们建造一个可以消灭敌人的据点'},定居点据点,colonial_stronghold,711,研究
1311,{'描述': '新世界的新兵'},定居点新兵,colonial_recruits,714,研究
1312,{'描述': '新型作战方式，利用钠红石为士兵提供短程的任意方向移动能力'},维度装置,dimensional_device,717,研究
1313,{'描述': '让我们把定居点变成一座堡垒吧'},加固定居点,fortified_colony,720,研究
1314,{'描述': '拥有钢铁之躯的庞然大物将摧毁敌人'},钢铁之躯,steel_flesh,723,研究
1315,{'描述': '我们把远古神明们的信仰带到了新世界'},新世界的信仰,faith_world,726,研究
1316,{'描述': '我们需要在这片处女地上建造教堂'},新世界的远古神明,new_old_gods,729,研究
1317,{'描述': '您似乎可以从定居点的地面提取法力'},法力调查,mana_investigation,732,研究
1318,{'描述': '我们的定居点已经发展到足以作为圣地了'},定居点祝圣,colonial_consacration,735,研究
1319,{'描述': '火车头？那是什么妖术？'},铁路,railroad,738,研究
1320,{'描述': '在离定居点不远的森林中，我们有一个奇怪的发现'},奇怪的遭遇,strange_encounter,741,研究
1321,{'描述': '新世界的基础资源十分丰富'},定居点开发,colonial_exploitations,743,研究
1322,{'描述': '让我们开发定居点的矿产资源吧'},工匠联合体,artisan_complex,745,研究
1323,{'描述': '常备军需要大量硝石'},炼金联合体,alchemist_complex_t,748,研究
1324,{'描述': '定居点的空间十分广阔，我们该利用好它'},大型棚屋,large_shed_t,751,研究
1325,{'描述': '建造战壕不仅可以提升防御能力，还可以训练神射手'},战壕,trenches,754,研究
1326,{'描述': '我们需要开始探索新世界'},探索新世界,new_world_exploration,757,研究
1327,{'描述': '秘银子弹'},秘银子弹,mithril_projectiles,760,研究
1328,{'描述': '秘银盾可以为士兵们提供防护'},秘银盾,mithril_shield,767,研究
1329,{'描述': '供士兵们使用的秘银剑'},秘银剑,mithril_sword,772,研究
1330,{'描述': '供骑兵们使用的秘银长枪'},秘银长枪,mithril_lance,790,研究
1331,{'描述': '这些奇怪的生物正在观察我们的定居点，以便与我们进行交流。他们似乎有什么要求，我们的学者需要借助魔法来理解他们的语言'},请求帮助,aid_request,794,研究
1332,{'描述': '我们救出的当地人自称精灵，并称我们为夸拉尔努德，意思是来自浩瀚大海的人'},精灵幸存者,elf_survivors,798,研究
1333,{'描述': '精灵对我们的信任已经充足到愿意派遣部分战士帮助我们战斗'},精灵战士,elf_warriors,800,研究
1334,{'描述': '精灵们珍视的月神神庙被一些邪恶生物亵渎了'},月神的神庙,temple_luna,802,研究
1335,{'描述': '精灵很感谢我们帮他们夺回了珍贵的神庙，带领我们去了他们的村庄'},精灵仅剩的村庄,elf_last_village,804,研究
1336,{'描述': '精灵对事物的构成有更深入的了解'},原子理论,atomic_theory,806,研究
1337,{'描述': '我们了解了原子理论，现在可以建造产生法力的反应堆了'},法力反应堆,mana_reactors,810,研究
1338,{'描述': '装配线将带着我们进入工业时代'},装配线,assembly_line,814,研究
1339,{'描述': '我们利用越来越小的组件开发自动化'},可复制零件,replicable_parts,817,研究
1340,{'描述': '新型轻质合金可以应用于战场'},金属合金,metal_alloys,819,研究
1341,{'描述': '我们需要调查那些偏远的农场发生了什么，孩子们的失踪令人感到非常不安'},被烧毁的农场,burned_farms,821,研究
1342,{'描述': '兽人们变得越来越危险，我们不能允许他们为了一己私利，继续绑架我们的人民了。他们的目标只有杀戮和毁灭，我们会让他们知道登攀者世界人类的厉害'},兽人的威胁,orcish_threat,822,研究
1343,{'描述': '兽人的部队来自于一座坚固的堡垒，让我们拿下它'},兽人堡垒,orcish_citadel,825,研究
1344,{'描述': '我们拿下了兽人的堡垒，但这场胜利很快就变成了痛苦和糟糕情况'},人类的至暗时刻,mankind_darkest,827,研究
1345,{'描述': '兽人危机让全人类都感到担忧，需要进行战争融资来对付这些嗜血的野兽'},战争融资,war_effort,829,研究
1346,{'描述': '考古学家发现了曾经统治该地区之失落文明的证据。他们的科技很可能远超于我们'},科布统治领,kobu_dominion,831,研究
1347,{'描述': '荣耀将指引我们走向胜利！为人类而战！'},人类的荣耀,honor_humanity,833,研究
1348,{'描述': '这是我们的誓言！'},永不言弃,swear_give_up,835,研究
1349,{'描述': '在霍里斯堡垒中，我们发现了令人不安的证据'},孩子们的轨迹,path_children,837,研究
1350,{'描述': '兽人们最后的据点业已陷落，但兽人们为了生存，还是倾巢出动向我们扑来'},兽人部落,orc_horde,839,研究
1351,{'描述': '我们击败了兽人，彻底胜利了'},凯旋归来,the_triumph,843,研究
1352,{'描述': '与兽人的战争结束后，精灵们陷入了深重的衰变中'},精灵衰变,elf_decadence,845,研究
1353,{'描述': '精灵祖先们从一件失落的古物中汲取力量'},精灵古物,ancient_artifact,847,研究
1354,{'描述': '我们必须取回古物'},古物洞穴,cavern_artifact,849,研究
1355,{'描述': '水晶将修复精灵的基因组'},修复精灵基因,repair_elf_genoma,851,研究
1356,{'描述': '精灵们恢复了健康，将再度繁荣昌盛'},精灵繁荣昌盛,elves_thrive,854,研究
1357,{'描述': '在登攀者世界已知的疆域之外，越过最后残存的绿意和生机，绵延着无边无际的荒芜——那就是南火荒漠'},荒漠的精灵神话,myth_south,856,研究
1358,{'描述': '仓库很大，长长的走廊两旁排列着柔和的蓝色、绿色和琥珀色灯光'},科布统治领仓库,kobu_dominion_storehouse,858,研究
1359,{'描述': '科布统治领教会我们如何制造机械侦察兵'},无人机,drone,860,研究
1360,{'描述': '拆解仓库中发现的神秘物体可以为我们的国家提供几个世纪的物资。但如果选择这样做，您将无法复原水晶'},劫掠科布仓库,loot_storehouse,862,研究
1361,{'描述': '我们在仓库深处发现了一个巨大的晶体结构残骸。研究人员相信他们可以用足够的钠红石把这些碎片重新融合到一起。但如果选择这样做，您将无法劫掠科布仓库'},复原科布水晶,restore_crystal,866,研究
1362,{'描述': '水晶会赐予触碰它的人以悠长的寿命'},人类DNA,human_dna,868,研究
1363,{'描述': '基因改造可以用于多个领域'},基因中心,genetic_hub_t,870,研究
1364,{'描述': '我们必须让这种疯狂停下来'},黑色古物,black_artifact,872,研究
1365,{'描述': '越过沙丘，我们发现了更险恶的存在——燃烧着异样光芒的地平线'},火焰之迹,trail_fire,874,研究
1366,{'描述': '他是来自远古的咒术师，曾驯服至强巨兽。他唤作“焰缚者”阿兹拉西斯。'},烬火灾主,tyrant_ash,876,研究
1367,{'描述': '我们可以召唤上古巨龙加入军队了'},“猩红灾厄”维戈洛斯,vaelgoroth_t,878,研究
1368,{'描述': '必须建造传送门，以阻断邪能的流动'},传送门,the_portal_t,880,研究
1369,{'描述': '建造光之信标后，我们的重点转移到探索深渊，并在照明区域建立防御前哨，以确保安全和战略优势'},调查深渊,survey_abyss,883,研究
1370,{'描述': '工匠需要新技术，生产能够抵御深渊破坏力的材料'},辉烬,lumix_t,885,研究
1371,{'描述': '我们必须提高生产力以对抗深渊'},生产力计划,effort_abyss,887,研究
1372,{'描述': '我们必须谨慎探索深渊以获取资源，这是一项结合观察与魔法洞察的战略行动'},俯瞰黑暗,overlook_darkness,889,研究
1373,{'描述': '我们需要用光明炮塔划定疆界，扩张和保护我们的前哨'},划定疆界,delimiting_perimeter,892,研究
1374,{'描述': '我们可以在前哨深入研究这里的奥术'},奥术研究,arcane_study,895,研究
1375,{'描述': '我们必须生产更多粮食以发展深渊定居点'},耕作场,extensive_cultivation_t,898,研究
1376,{'描述': '我们必须研究市场规律，才能赚取更多的黄金！'},市场规律,market_laws,901,研究
1377,{'描述': '水晶的价值越来越大，我们需要更多'},水晶培育场,crystal_farm_t,904,研究
1378,{'描述': '我们需要利用定居点的空间来建造大型钢厂'},钢厂,steel_mills_t,907,研究
1379,{'描述': '深渊的定居点消耗了大量法力，我们必须生产更多'},法力制造器,mana_maker_t,910,研究
1380,{'描述': '我们可以在深渊中建立神殿'},深渊神殿,abyss_shrine,913,研究
1381,{'描述': '为了避开死亡之风与黑暗侵袭，我们应当建造地下密室来扩张势力范围'},地下房间,underground_rooms,916,研究
1382,{'描述': '在笼罩周围区域的混沌与至邪之力中，唯有绝望静候'},勘测周围区域,explore_sorrounding,918,研究
1383,{'描述': '我们可以从弥漫在深渊的黑暗中提取并利用法力，制造法力电池来储存这种神秘能量'},汲取法力,drain_mana,920,研究
1384,{'描述': '我们对这片黑暗而神秘的领土越来越了解'},黑暗之地,dark_land,922,研究
1385,{'描述': '黑暗骑士巡逻队来自附近的一座要塞，我们必须找到它来接管周边地区'},黑暗城堡,dark_castle,926,研究
1386,{'描述': '随着我们解放这片黑暗领域，黑暗对世界的掌控正逐渐消退'},征服深渊,conquer_abyss,928,研究
1387,{'描述': '深渊中的前哨已经扩大，我们必须建造一个在黑暗中闪耀的广场'},光耀广场,light_square,930,研究
1388,{'描述': '我们的前哨足够大了，可以拨款新建佣兵住房'},深渊佣兵,mercenary_abyss,933,研究
1389,{'描述': '我们可以在光耀广场上训练神射手'},召集射手,gather_shooters,936,研究
1390,{'描述': '我们可以在光耀广场上训练圣职者'},召集防御堡垒,gather_bastion,939,研究
1391,{'描述': '我们可以在光耀广场上训练线列步兵'},召集步兵,gather_troops,942,研究
1392,{'描述': '我们可以在光耀广场上训练钢铁骑士'},召集现代骑士,gather_heavy,945,研究
1393,{'描述': '我们引起了远超预想之外的注意。必须强化位于深渊的定居点！'},强化深渊,fortify_abyss,948,研究
1394,{'描述': '神庙中有一幅巨大的镶嵌画，描绘了一个沉睡的泰坦'},泰坦的镶嵌画,titan_mosaic,951,研究
1395,{'描述': '我们唤醒了泰坦，在献上丰厚的贡品之后，他会给我们一份礼物！'},泰坦之礼物,titan_gift_t,954,研究
1396,{'描述': '尼哈鲁尔的力量源泉落在了战场之上'},黑暗水晶,dark_crystal,956,研究
1397,{'描述': '天使想在深渊中帮助我们'},天使宫殿,angel_palace_t,958,研究
1398,{'描述': '辉烬的发现彻底改变了技术，推动了火箭技术的进步'},火箭技术,rocketry,961,研究
1399,{'描述': '这些武器能持续释放附魔子弹组成的弹幕，为对抗莫德凯男爵的黑暗军团提供无与伦比的防御'},机枪,machine_gun,964,研究
1400,{'描述': '这些探测器有着双重功能，既是监视设备，也是魔法地雷的网状部署系统'},无人机,probes,967,研究
1401,{'描述': '身穿强化盔甲，手持魔法连发步枪的步枪手代表了军事创新的巅峰'},步枪手,super_soldier,970,研究
1402,{'描述': '人类通过将首颗原始卫星送入轨道实现了划时代突破。它将检测气候和贸易路线'},卫星,satellite,973,研究
1403,{'描述': '我们需要培养最优秀的炮兵军官'},炮兵军官营房,artillery_officer_t,976,研究
1404,{'描述': '轨道上的卫星接收到了强烈信号，似乎来自外太空深处'},信号,the_signal,978,研究
1405,{'描述': '科学家们立刻着手解密这个神秘信号，它似乎包含一项新技术的信息'},解密信号,decrypt_signal,980,研究
1406,{'描述': '随着解析深入，他们越发清晰地意识到这些并非无序数据，而是精密编码的高级装置建造指南。'},信号机器,nuclear_power,982,研究
1407,{'描述': '泽尼克斯回来提供帮助了'},泽尼克斯回归,zenix_return,984,研究
1408,{'描述': '我们可以激活信号机器，充分利用它的力量'},激活信号机器,activate_signal,987,研究
1409,{'描述': '我们必须研究灭世终焉，这件奥术造物必将彻底清除所有威胁，其威力堪比天界业火的毁灭之力'},研究灭世终焉,research_annhilator,989,研究
1410,{'描述': '一旦制造完毕，灭世终焉即可向深渊释放'},制造灭世终焉,create_annhilator,993,研究
1411,{'描述': '我将化为死神，令世界崩坏。您将进行转生，转生后，所有游戏进度都将重置(成就，统计和传承加成除外)，并开始下周目游戏'},发射灭世终焉,launch_annhilator,997,研究
1412,{'描述': '它给登攀者世界带来的风险无法接受，让我们销毁这个怪物，把技术交给军队吧'},销毁灭世终焉,destroy_annhilator,998,研究
1413,{'描述': '引导人类的终极蓝图'},人类导引,guide_mankind,1003,研究
1414,{'描述': '战胜莫德凯男爵和恶孽之手后，一股强大的力量向我们席卷而来，正是“无智之恶”的本体，它已经做好毁灭整个登攀者世界的准备'},无智之恶,mindless_evil,1006,研究
1415,{'描述': '击败无智之恶后，我们已经是登攀者世界的救世主了！'},登攀者世界的救世主,save_theresmore,1009,研究
1416,{},解锁新魔法和增益,,1,祈祷与魔法
1417,"{'类别': '祈祷', '描述': '我们必须取悦神明，这样祂们才会听到我们的声音'}",赞美神明,praise_gods,4,祈祷与魔法
1418,"{'类别': '祈祷', '描述': '登攀者世界诸神之力的首要形式：祝福'}",祝福,blessing,6,祈祷与魔法
1419,"{'类别': '祈祷', '描述': '必须探索它'}",幸运树林,lucky_grove_f,8,祈祷与魔法
1420,"{'类别': '祈祷', '描述': '我们将祭祀动物取悦神明'}",神明的祭品,sacrifices_gods,10,祈祷与魔法
1421,"{'类别': '祈祷', '描述': '这些奉献者的祈祷会帮助我们'}",侍祭之环,acolyte_circle,12,祈祷与魔法
1422,"{'类别': '祈祷', '描述': '向大探求者祈祷，愿我们的猎人永不迷路'}",大探求者,prayer_for_the_great_seeker,14,祈祷与魔法
1423,"{'类别': '祈祷', '描述': '向大地母亲祈祷，愿祂的果实落于我们身上'}",大地母亲,prayer_for_mother_earth,17,祈祷与魔法
1424,"{'类别': '祈祷', '描述': '向野性之人祈祷，愿祂饲育我们驯养的动物'}",野性之人,prayer_wild_man,19,祈祷与魔法
1425,"{'类别': '祈祷', '描述': '必须善加利用'}",幸运之井,lucky_well_f,22,祈祷与魔法
1426,"{'类别': '祈祷', '描述': '我们可以使用法力来保卫城市'}",法力防御,mana_defense,24,祈祷与魔法
1427,"{'类别': '祈祷', '描述': '向老小者祈祷，愿古代侏儒给予我们丰产'}",老小者,prayer_for_the_old_small_one,27,祈祷与魔法
1428,"{'类别': '祈祷', '描述': '向远古之僧祈祷，愿祂的弟子能回来与我们并肩作战'}",远古之僧,prayer_for_the_ancient_monk,29,祈祷与魔法
1429,"{'类别': '祈祷', '描述': '向伟大战士祈祷，愿祂的愤怒能指引我们的士兵'}",伟大战士,prayer_for_the_great_warrior,31,祈祷与魔法
1430,"{'类别': '祈祷', '描述': '向幸运女神祈祷，以激发命运！'}",幸运女神,prayer_goddess_luck,33,祈祷与魔法
1431,"{'类别': '祈祷', '描述': '我们可以利用法力制造魔法装备'}",神圣装备,sacred_equipments,35,祈祷与魔法
1432,"{'类别': '祈祷', '描述': '野性之人是非常强的骑手'}",狂野之矛,spear_wild_man,38,祈祷与魔法
1433,"{'类别': '祈祷', '描述': '在娜迦的老巢中，我们发现了一盏奇怪的灯，跟那些在世界南部用过的一样'}",奇怪的灯,strange_lamp,41,祈祷与魔法
1434,"{'类别': '祈祷', '描述': '我们击败了足够多的亡灵，可以研究它们的特征了'}",研究亡者生物,study_undead_creatures,43,祈祷与魔法
1435,"{'类别': '祈祷', '描述': '窥探登攀者世界的奥秘'}",登攀者世界揭秘,unveil_theresmore,45,祈祷与魔法
1436,"{'类别': '祈祷', '描述': '可以帮助我们进步'}",远古咒语,ancient_spell_p,47,祈祷与魔法
1437,"{'类别': '祈祷', '描述': '登攀者世界中，有一些地方是地脉能量汇聚的节点'}",圣地,sacred_place,49,祈祷与魔法
1438,"{'类别': '祈祷', '描述': '我们可以创造一个咒语，使我们的森林变得更浓密'}",自然生长,growth_nature,51,祈祷与魔法
1439,"{'类别': '祈祷', '描述': '我们可以在采石场中使用这种咒语，消耗法力举起更重的石头'}",岩轻术,lighten_rocks,53,祈祷与魔法
1440,"{'类别': '祈祷', '描述': '谁不想试试用魔法工具增加产量呢？'}",魔法工具,magical_tools,55,祈祷与魔法
1441,"{'类别': '祈祷', '描述': '我们可以在矿井中人工制造魔法灯，帮助矿工们工作'}",魔法灯,magical_lights,57,祈祷与魔法
1442,"{'类别': '祈祷', '描述': '渴望丰饶。只能有一种渴望。请明智选择'}",渴望丰饶,desire_abundance,59,祈祷与魔法
1443,"{'类别': '祈祷', '描述': '渴望魔法。只能有一种渴望。请明智选择'}",渴望魔法,desire_magic,66,祈祷与魔法
1444,"{'类别': '祈祷', '描述': '收服灯神，让它为我们而战。只能有一种渴望。请明智选择'}",渴望战斗,desire_war,71,祈祷与魔法
1445,"{'类别': '祈祷', '描述': '专注于发展城市。只能专注于其中一种。请明智选择'}",专注于发展,focus_development,73,祈祷与魔法
1446,"{'类别': '祈祷', '描述': '专注于产生法力。只能专注于其中一种。请明智选择'}",专注于魔法,focus_magic,75,祈祷与魔法
1447,"{'类别': '祈祷', '描述': '专注于进行研究。只能专注于其中一种。请明智选择'}",专注于研究,focus_research,77,祈祷与魔法
1448,"{'类别': '祈祷', '描述': '专注于发展后，我们可以施放“生命魔法”咒语了'}",生命魔法,life_magic_p,79,祈祷与魔法
1449,"{'类别': '祈祷', '描述': '专注于研究后，我们可以施放“明悟”咒语了'}",明悟,highlightment_p,81,祈祷与魔法
1450,"{'类别': '祈祷', '描述': '专注于魔法后，我们可以施放“法力之花”咒语了'}",法力之花,mana_flowers_p,83,祈祷与魔法
1451,"{'类别': '祈祷', '描述': '我们击败了足够多的恶魔，可以研究它们的特征了'}",恶魔学,demonology,85,祈祷与魔法
1452,"{'类别': '祈祷', '描述': '我们需要对卷轴进行翻译才能找到它的出处'}",恶魔卷轴,demoniac_tome,87,祈祷与魔法
1453,"{'类别': '祈祷', '描述': '森林里的寺庙是献给森林女神米露涅的。让我们清扫这里，向祂致敬'}",米露涅的寺庙,temple_mirune,89,祈祷与魔法
1454,"{'类别': '祈祷', '描述': '我们可以制造受祝福的魔像了，它由法力驱动'}",制造神圣魔像,create_sacred_golem,92,祈祷与魔法
1455,"{'类别': '祈祷', '描述': '必须探索它'}",灵感大厅,eureka_halls_f,94,祈祷与魔法
1456,"{'类别': '祈祷', '描述': '我们可以使用更多法力来保卫城市'}",法力防御 II,mana_defense_II,96,祈祷与魔法
1457,"{'类别': '祈祷', '描述': '向大建筑师祈祷，愿祂指引我们的石匠'}",大建筑师,prayer_for_the_great_builder,99,祈祷与魔法
1458,"{'类别': '祈祷', '描述': '向奥术之谜祈祷，愿祂指引我们的智者'}",奥术之谜,prayer_for_the_mysterious_arcane,101,祈祷与魔法
1459,"{'类别': '祈祷', '描述': '我们可以利用法力制造更好的魔法装备了'}",神圣装备 II,sacred_equipments_II,103,祈祷与魔法
1460,"{'类别': '祈祷', '描述': '我们可以招募法师了'}",法师,mage_p,106,祈祷与魔法
1461,"{'类别': '祈祷', '描述': '强化坐骑们的咒语'}",魔法马具,mana_armor_p,108,祈祷与魔法
1462,"{'类别': '祈祷', '描述': '越来越多的难民要求进城，现在已经有一大群人了'}",解决危机,the_aid,110,祈祷与魔法
1463,"{'类别': '祈祷', '描述': '我们的人民将在圣谷中繁衍生息'}",圣谷,sacred_den_f,112,祈祷与魔法
1464,"{'类别': '祈祷', '描述': '致力于发现登攀者世界秘密的学院'}",法师学院,mage_academy_f,115,祈祷与魔法
1465,"{'类别': '祈祷', '描述': '法力在其中增长'}",法力场,mage_fields_f,118,祈祷与魔法
1466,"{'类别': '祈祷', '描述': '泽尼克斯愿意回报我们的热情款待，对年轻的战略家们倾囊相授'}",境域行者泽尼克斯,zenix_aid,121,祈祷与魔法
1467,"{'类别': '祈祷', '描述': '古物是巨龙的头骨！我们可以复制它的硬度来运用它的力量，并制造出新装备'}",龙之骨,dragon_skull,124,祈祷与魔法
1468,"{'类别': '祈祷', '描述': '我们可以使用圣光祝福战士们了'}",圣光,holy_light,126,祈祷与魔法
1469,"{'类别': '祈祷', '描述': '东部力量咒语，马儿至上'}",东部力量咒语,power_spell_east,128,祈祷与魔法
1470,"{'类别': '祈祷', '描述': '西部力量咒语，强大如钢'}",西部力量咒语,power_spell_west,131,祈祷与魔法
1471,"{'类别': '祈祷', '描述': '北部力量咒语，铁之献祭'}",北部力量咒语,power_spell_north,134,祈祷与魔法
1472,"{'类别': '祈祷', '描述': '南部力量咒语，金之融合'}",南部力量咒语,power_spell_south,137,祈祷与魔法
1473,"{'类别': '祈祷', '描述': '我们所有的信念都必须指向我们的经济统治计划'}",奉献黄金,gold_consecration,140,祈祷与魔法
1474,"{'类别': '祈祷', '描述': '我们祈祷大地母亲赐予我们丰饶'}",大地母亲的恩典,mother_earth_2,142,祈祷与魔法
1475,"{'类别': '祈祷', '描述': '我们祈祷大探求者赐予我们祂敏锐的视力'}",大探求者的视线,great_seeker_2,144,祈祷与魔法
1476,"{'类别': '祈祷', '描述': '我们祈祷伟大战士赐予我们战场上的愤怒'}",伟大战士之怒,great_warrior_2,146,祈祷与魔法
1477,"{'类别': '祈祷', '描述': '随着魔法环数量的增长，我们可以祝福光之战士们了'}",光之军团,legion_light_p,148,祈祷与魔法
1478,"{'类别': '祈祷', '描述': '我们祈祷那位矮人之神赐予我们祂的恩典'}",老小者的恩典,old_small_one_2,154,祈祷与魔法
1479,"{'类别': '祈祷', '描述': '我们赞美野性之人，愿祂的敏捷加护于身'}",野性之人的灵巧,wild_man_2,156,祈祷与魔法
1480,"{'类别': '祈祷', '描述': '必须建造它'}",娱乐区域,amusement_quarter_f,158,祈祷与魔法
1481,"{'类别': '祈祷', '描述': '北极星已经落入我们手中了，必须弄清如何引导它的力量'}",北极星之力,northern_star_power,160,祈祷与魔法
1482,"{'类别': '祈祷', '描述': '大法师是战场上的精英法师'}",大法师,archmage_p,163,祈祷与魔法
1483,"{'类别': '祈祷', '描述': '我们也需要留意那些为我们信仰服务的商人们！'}",武装商队,armored_caravan_p,165,祈祷与魔法
1484,"{'类别': '祈祷', '描述': '信仰之军将使我们的敌人燃烧'}",信仰之军,army_faith,167,祈祷与魔法
1485,"{'类别': '祈祷', '描述': '我们需要为法师们建造学校'}",魔法高中,highschool_magic_f,169,祈祷与魔法
1486,"{'类别': '祈祷', '描述': '出售魔法物品的工坊！'}",魔法工坊,magic_workshop_f,172,祈祷与魔法
1487,"{'类别': '祈祷', '描述': '我们可以创造法力森林了'}",法力森林,mana_forest_p,174,祈祷与魔法
1488,"{'类别': '祈祷', '描述': '寻找点金石'}",点金石,philosopher_stone_p,177,祈祷与魔法
1489,"{'类别': '祈祷', '描述': '魔法师们的法术书'}",法术书,spell_book_p,180,祈祷与魔法
1490,"{'类别': '祈祷', '描述': '接受德鲁伊，让他的信仰成为我们社会不可分割的一部分，他将成为主教'}",接受德鲁伊,accept_druid,182,祈祷与魔法
1491,"{'类别': '祈祷', '描述': '放逐德鲁伊，让他离开城市，我们不需要导师'}",放逐德鲁伊,banish_druid,184,祈祷与魔法
1492,"{'类别': '祈祷', '描述': '向孤独的德鲁伊祈祷，愿他给我们祝福'}",孤独的德鲁伊,prayer_lonely_druid,186,祈祷与魔法
1493,"{'类别': '祈祷', '描述': '我们必须召集城市的智者们，创造出保护咒语'}",城市祝福,city_blessing,188,祈祷与魔法
1494,"{'类别': '祈祷', '描述': '必须探索它'}",地下隧道,underground_tunnel_f,191,祈祷与魔法
1495,"{'类别': '祈祷', '描述': '我们将利用北极星的力量保护城市'}",保护之力,protection_power,193,祈祷与魔法
1496,"{'类别': '祈祷', '描述': '我们将利用北极星的力量来增加产量'}",增量之力,incremental_power,196,祈祷与魔法
1497,"{'类别': '祈祷', '描述': '信徒们的信仰之歌在新世界产生了丰富的资源'}",朝觐者的圣歌,pilgrim_chant,199,祈祷与魔法
1498,"{'类别': '祈祷', '描述': '象牙塔将照亮整个登攀者世界'}",象牙塔,ivory_tower_f,201,祈祷与魔法
1499,"{'类别': '祈祷', '描述': '对马厩施展魔法后，可以创造出更强大的坐骑'}",魔法马厩,magic_stable_f,204,祈祷与魔法
1500,"{'类别': '祈祷', '描述': '是否可以用法力在战斗中制造一个堡垒来保护士兵们？'}",法力堡垒,mana_fortress_p,206,祈祷与魔法
1501,"{'类别': '祈祷', '描述': '利用法力创造材料'}",魔法材料,mana_materials_p,208,祈祷与魔法
1502,"{'类别': '祈祷', '描述': '我们可以施展一个产生更多法力的咒语了！'}",法力螺旋,mana_spiral_p,210,祈祷与魔法
1503,"{'类别': '祈祷', '描述': '钢铁宫殿将是我们在登攀者世界中的荣誉殿堂'}",钢铁宫殿,steel_palace_f,213,祈祷与魔法
1504,"{'类别': '祈祷', '描述': '众神送来了智慧卷轴，我们必须研究它'}",智慧卷轴,tome_wisdom_p,216,祈祷与魔法
1505,"{'类别': '祈祷', '描述': '神明选中的战士加入了我们的行伍'}",圣斗士,warrior_gods,218,祈祷与魔法
1506,"{'类别': '祈祷', '描述': '可以施加于教堂的新仪式'}",教堂祝福,blessing_church,220,祈祷与魔法
1507,"{'类别': '祈祷', '描述': '我们可以塑形法力，以此制造护甲'}",塑形法力,shape_mana,222,祈祷与魔法
1508,"{'类别': '祈祷', '描述': '对整支军队进行祝福'}",教长的祝福,blessing_prelate,225,祈祷与魔法
1509,"{'类别': '祈祷', '描述': '我们从古鲁德手中救下了孩子们，他们有着超乎常人的神奇能力'}",孩子们的希望,hope_children,227,祈祷与魔法
1510,"{'类别': '祈祷', '描述': '必须赞颂'}",命运神殿,fate_shrine_f,229,祈祷与魔法
1511,"{'类别': '祈祷', '描述': '利用黑暗水晶的力量控制尼哈鲁尔，让他为我们而战'}",召唤尼哈鲁尔,summon_nikharul,231,祈祷与魔法
1512,"{'类别': '祈祷', '描述': '利用黑暗水晶的力量重建窃魂者堡垒'}",重建堡垒,control_fortress,233,祈祷与魔法
1513,"{'类别': '祈祷', '描述': '泽尼克斯知道如何让子弹变得更致命'}",附魔子弹,enchanted_bullet,235,祈祷与魔法
1514,"{'类别': '祈祷', '描述': '泽尼克斯的训练技巧让我们对兵营有了新的概念'}",强化兵营,enhanced_barracks_f,237,祈祷与魔法
1515,"{'类别': '祈祷', '描述': '泽尼克斯的智识可以帮助我们生产辉烬'}",辉烬精炼厂,lumix_refinery_f,239,祈祷与魔法
1516,"{'类别': '祈祷', '描述': '护城盾可以笼罩整座城市'}",泽尼克斯的护城盾,zenix_shield,241,祈祷与魔法
1517,"{'类别': '祈祷', '描述': '法师和大法师可以使用这个强大的咒语了'}",秘法·火球,power_spell_fireball,243,祈祷与魔法
1518,"{'类别': '祈祷', '描述': '泽尼克斯协助产生辉烬'}",辉烬源泉,lumix_fountain,245,祈祷与魔法
1519,"{'类别': '祈祷', '描述': '泽尼克斯用于产生黄金的终极咒语'}",黄金炼成,gold_trasmutation,247,祈祷与魔法
1520,"{'类别': '祈祷', '描述': '可以产生黄金的工厂。泽尼克斯的工厂只能选择其一，请明智选择'}",黄金工厂,gold_factory_f,249,祈祷与魔法
1521,"{'类别': '祈祷', '描述': '可以产生法力的工厂。泽尼克斯的工厂只能选择其一，请明智选择'}",法力工厂,mana_factory_f,251,祈祷与魔法
1522,"{'类别': '祈祷', '描述': '泽尼克斯专注于法力，而不是黄金。请明智选择'}",泽尼克斯的大法师,zenix_archmage,253,祈祷与魔法
1523,"{'类别': '祈祷', '描述': '泽尼克斯专注于黄金，而不是法力。请明智选择'}",泽尼克斯的铸金使,zenix_funder,256,祈祷与魔法
1524,"{'类别': '祈祷', '描述': '泽尼克斯专注于生产，而不是训练军队。请明智选择'}",泽尼克斯的统御者,zenix_master,259,祈祷与魔法
1525,"{'类别': '祈祷', '描述': '泽尼克斯专注于训练军队，而不是生产。请明智选择'}",泽尼克斯的训战官,zenix_trainer,266,祈祷与魔法
1526,"{'类别': '法术', '描述': '寺庙的简单仪式'}",寺庙仪式,temple_ritual,273,祈祷与魔法
1527,"{'类别': '法术', '描述': '神明赐予我们一些小祝福'}",小祝福,minor_blessing,276,祈祷与魔法
1528,"{'类别': '法术', '描述': '虔诚的圣歌升向众神'}",侍祭赞美诗,acolyte_hymn,279,祈祷与魔法
1529,"{'类别': '法术', '描述': '将我们的弓箭导向目标'}",大探求者的祝福,great_seeker_blessing,282,祈祷与魔法
1530,"{'类别': '法术', '描述': '引导我们的勇士进入战斗'}",伟大战士的祝福,great_warrior_blessing,286,祈祷与魔法
1531,"{'类别': '法术', '描述': 'goddess_luck_blessing'}",幸运女神的祝福,goddess_luck_blessing,290,祈祷与魔法
1532,"{'类别': '法术', '描述': '使用法力盾强化城墙'}",法力能量盾,mana_energy_shield,292,祈祷与魔法
1533,"{'类别': '法术', '描述': '用丰收的礼物填满我们吧'}",大地母亲的祝福,mother_earth_blessing,294,祈祷与魔法
1534,"{'类别': '法术', '描述': '引导我们工匠的手'}",老小者的祝福,old_small_one_blessing,297,祈祷与魔法
1535,"{'类别': '法术', '描述': '为指挥官配备的魔法护甲'}",神圣护甲,sacred_armor,301,祈祷与魔法
1536,"{'类别': '法术', '描述': 'mana_armor_s'}",魔法马具,mana_armor_s,304,祈祷与魔法
1537,"{'类别': '法术', '描述': 'spell_ancient'}",远古咒语,spell_ancient,308,祈祷与魔法
1538,"{'类别': '法术', '描述': '开始揭开面纱'}",登攀者世界揭秘,theresmore_revealed,314,祈祷与魔法
1539,"{'类别': '法术', '描述': 'wild_man_blessing'}",野性之人的祝福,wild_man_blessing,317,祈祷与魔法
1540,"{'类别': '法术', '描述': 'wild_man_spear'}",野性之人的长矛,wild_man_spear,320,祈祷与魔法
1541,"{'类别': '法术', '描述': 'growth_of_nature'}",自然生长,growth_of_nature,323,祈祷与魔法
1542,"{'类别': '法术', '描述': 'mana_flowers_s'}",法力之花,mana_flowers_s,325,祈祷与魔法
1543,"{'类别': '法术', '描述': 'lighten_of_rocks'}",岩轻术,lighten_of_rocks,327,祈祷与魔法
1544,"{'类别': '法术', '描述': 'magic_tools'}",魔法工具,magic_tools,329,祈祷与魔法
1545,"{'类别': '法术', '描述': 'magic_lights'}",魔法灯,magic_lights,331,祈祷与魔法
1546,"{'类别': '法术', '描述': 'mirune_blessing'}",米露涅的祝福,mirune_blessing,334,祈祷与魔法
1547,"{'类别': '法术', '描述': '在神圣战士身上注入恶魔力量会导致什么后果……'}",黑暗仪式,dark_ritual,337,祈祷与魔法
1548,"{'类别': '法术', '描述': 'great_builder_blessing'}",大建筑师的祝福,great_builder_blessing,341,祈祷与魔法
1549,"{'类别': '法术', '描述': '保护城市的法力穹顶'}",法力穹顶,mana_dome,346,祈祷与魔法
1550,"{'类别': '法术', '描述': 'mysterious_arcane_blessing'}",奥术之谜的祝福,mysterious_arcane_blessing,348,祈祷与魔法
1551,"{'类别': '法术', '描述': '让我们给战士们配备神圣的武器'}",神圣武器,sacred_weapon,351,祈祷与魔法
1552,"{'类别': '法术', '描述': 'church_ritual'}",教堂仪式,church_ritual,354,祈祷与魔法
1553,"{'类别': '法术', '描述': 'great_seeker_eyesight'}",大探求者的视线,great_seeker_eyesight,358,祈祷与魔法
1554,"{'类别': '法术', '描述': 'great_warrior_fury'}",伟大战士之怒,great_warrior_fury,362,祈祷与魔法
1555,"{'类别': '法术', '描述': 'mother_earth_grace'}",大地母亲的恩典,mother_earth_grace,367,祈祷与魔法
1556,"{'类别': '法术', '描述': 'new_world_chant'}",新世界的圣歌,new_world_chant,370,祈祷与魔法
1557,"{'类别': '法术', '描述': 'old_small_one_grace'}",老小者的恩典,old_small_one_grace,376,祈祷与魔法
1558,"{'类别': '法术', '描述': 'wild_man_dexterity'}",野性之人的灵巧,wild_man_dexterity,380,祈祷与魔法
1559,"{'类别': '法术', '描述': 'dragon_armor'}",龙之护甲,dragon_armor,385,祈祷与魔法
1560,"{'类别': '法术', '描述': 'dragon_weapon'}",龙之武器,dragon_weapon,390,祈祷与魔法
1561,"{'类别': '法术', '描述': 'life_magic_s'}",生命魔法,life_magic_s,395,祈祷与魔法
1562,"{'类别': '法术', '描述': 'highlightment_s'}",明悟,highlightment_s,399,祈祷与魔法
1563,"{'类别': '法术', '描述': 'spell_book_s'}",法术书咒语,spell_book_s,402,祈祷与魔法
1564,"{'类别': '法术', '描述': 'mana_armor'}",魔法护甲,mana_armor,405,祈祷与魔法
1565,"{'类别': '法术', '描述': 'mana_forest_s'}",法力森林,mana_forest_s,410,祈祷与魔法
1566,"{'类别': '法术', '描述': 'druid_blessing'}",德鲁伊的祝福,druid_blessing,412,祈祷与魔法
1567,"{'类别': '法术', '描述': 'blessing_city'}",城市大祝福,blessing_city,416,祈祷与魔法
1568,"{'类别': '法术', '描述': 'northern_star_protection'}",北极星的保护,northern_star_protection,421,祈祷与魔法
1569,"{'类别': '法术', '描述': 'northern_star_incremental'}",北极星增量,northern_star_incremental,423,祈祷与魔法
1570,"{'类别': '法术', '描述': 'philosopher_stone_s'}",点金石,philosopher_stone_s,430,祈祷与魔法
1571,"{'类别': '法术', '描述': 'army_blessing'}",军队祝福,army_blessing,433,祈祷与魔法
1572,"{'类别': '法术', '描述': 'mana_materials_s'}",魔法材料,mana_materials_s,437,祈祷与魔法
1573,"{'类别': '法术', '描述': 'tome_wisdom_s'}",智慧卷轴咒语,tome_wisdom_s,443,祈祷与魔法
1574,"{'类别': '法术', '描述': 'mana_spiral_s'}",法力螺旋,mana_spiral_s,448,祈祷与魔法
1575,"{'类别': '法术', '描述': 'children_hope'}",孩子们的希望,children_hope,450,祈祷与魔法
1576,"{'类别': '法术', '描述': 'enchanted_bullet_s'}",附魔子弹,enchanted_bullet_s,457,祈祷与魔法
1577,"{'类别': '法术', '描述': 'zenix_shield_s'}",泽尼克斯的护城盾,zenix_shield_s,462,祈祷与魔法
1578,"{'类别': '法术', '描述': 'power_spell_fireball_s'}",秘法·火球,power_spell_fireball_s,464,祈祷与魔法
1579,"{'类别': '法术', '描述': 'lumix_fountain_s'}",辉烬源泉,lumix_fountain_s,468,祈祷与魔法
1580,"{'类别': '法术', '描述': 'gold_trasmutation_s'}",黄金炼成,gold_trasmutation_s,471,祈祷与魔法
1581,{},可以分配岗位，默认是失业状态,,1,人口
1582,{},失业,unemployed,4,人口
1583,{},农民,farmer,5,人口
1584,{},渔夫,fisher,6,人口
1585,{},伐木工,lumberjack,7,人口
1586,{},石工,quarryman,8,人口
1587,{},矿工,miner,9,人口
1588,{},工匠,artisan,11,人口
1589,{},商人,merchant,13,人口
1590,{},交易人,trader,14,人口
1591,{},饲育员,breeder,15,人口
1592,{},木匠,carpenter,17,人口
1593,{},炼钢工人,steelworker,21,人口
1594,{},教授,professor,24,人口
1595,{},研究员,researcher,26,人口
1596,{},供应商,supplier,27,人口
1597,{},星学家,skymancer,30,人口
1598,{},采集者,harvester,32,人口
1599,{},炼金术士,alchemist,35,人口
1600,{},钠红石精炼工,natro_refiner,36,人口
1601,{},军需官,quartermaster,39,人口
1602,{},辉烬铸匠,lumiforger,42,人口
1603,{},资源类型,,1,资源
1604,"{'基础上限': '500', '可手动': '×', '隐藏': '×'}",研究点,research,4,资源
1605,"{'基础上限': '600', '可手动': '×', '隐藏': '×'}",黄金,gold,5,资源
1606,"{'基础上限': '300', '可手动': '√', '隐藏': '×'}",食物,food,6,资源
1607,"{'基础上限': '300', '可手动': '√', '隐藏': '×'}",木材,wood,7,资源
1608,"{'基础上限': '300', '可手动': '√', '隐藏': '×'}",石头,stone,8,资源
1609,"{'基础上限': '200', '可手动': '×', '隐藏': '×'}",铜,copper,9,资源
1610,"{'基础上限': '200', '可手动': '×', '隐藏': '×'}",铁,iron,10,资源
1611,"{'基础上限': '250', '可手动': '×', '隐藏': '×'}",工具,tools,11,资源
1612,"{'基础上限': '50', '可手动': '×', '隐藏': '×'}",奶牛,cow,12,资源
1613,"{'基础上限': '20', '可手动': '×', '隐藏': '×'}",马,horse,13,资源
1614,"{'基础上限': '500', '可手动': '×', '隐藏': '×'}",信念,faith,14,资源
1615,"{'基础上限': '500', '可手动': '×', '隐藏': '×'}",法力,mana,15,资源
1616,"{'可手动': '×', '隐藏': '√'}",声誉,fame,16,资源
1617,"{'基础上限': '250', '可手动': '×', '隐藏': '√'}",幸运石,luck,17,资源
1618,"{'基础上限': '100', '可手动': '×', '隐藏': '×'}",原料,building_material,18,资源
1619,"{'基础上限': '250', '可手动': '×', '隐藏': '×'}",钢,steel,19,资源
1620,"{'基础上限': '50', '可手动': '×', '隐藏': '×'}",水晶,crystal,20,资源
1621,"{'基础上限': '100', '可手动': '×', '隐藏': '×'}",补给,supplies,21,资源
1622,"{'基础上限': '100', '可手动': '×', '隐藏': '×'}",硝石,saltpetre,22,资源
1623,"{'基础上限': '100', '可手动': '×', '隐藏': '×'}",钠红石,natronite,23,资源
1624,"{'基础上限': '100', '可手动': '×', '隐藏': '×'}",辉烬,lumix,24,资源
1625,"{'可手动': '×', '隐藏': '√'}",传承,legacy,25,资源
1626,"{'可手动': '×', '隐藏': '√'}",遗物,relic,26,资源
1627,"{'可手动': '×', '隐藏': '√'}",智慧卷轴,tome_wisdom,27,资源
1628,"{'可手动': '×', '隐藏': '√'}",代币,coin,28,资源
1629,"{'可手动': '×', '隐藏': '√'}",宝石,gem,29,资源
1630,"{'可手动': '×', '隐藏': '√'}",泰坦之礼物,titan_gift,30,资源
1631,"{'可手动': '×', '隐藏': '√'}",光明,light,31,资源
